timestamp,location,latitude,longitude,AQI,PM2.5,PM10,NO2,SO2,CO,O3,temperature,humidity,wind_speed,wind_direction,atmospheric_pressure,rainfall,estimated_pbl_height_m,ventilation_index,atmospheric_stagnation_index,pm_ratio,pm2_5_roll_3h,pm10_roll_3h,aqi_roll_3h,hour,day,day_of_week,month,hour_sin,hour_cos,day_of_week_sin,day_of_week_cos,previous_1_hour_AQI,previous_3_hour_AQI,previous_6_hour_AQI,rolling_3_hour_AQI,rolling_6_hour_AQI,rolling_12_hour_AQI,previous_PM2.5,previous_PM10
2026-09-02 00:00:00+00:00,Delhi,28.6139,77.209,425,280.5,471.3,79.5,18.0,2.76,19.6,21.5,78.9,3.2,304.5,1011.8,0.0,350.0,311.1,0.731,0.595,280.5,471.3,425.0,0,2,2,9,0.0,1.0,0.9749,-0.2225,425,425,425,425.0,425.0,425.0,280.5,471.3
2026-09-02 01:00:00+00:00,Delhi,28.6139,77.209,407,259.4,438.1,50.0,16.2,1.74,16.8,20.0,82.9,2.2,303.9,1011.5,0.0,350.0,213.9,0.798,0.592,269.95,454.7,416.0,1,2,2,9,0.2588,0.9659,0.9749,-0.2225,425,425,425,425.0,425.0,425.0,280.5,471.3
2026-09-02 02:00:00+00:00,Delhi,28.6139,77.209,411,264.1,447.7,49.9835,16.1,1.73835,19.2,20.7,84.2,2.4,309.8,1011.3,0.0,350.0,233.3,0.799,0.59,268.0,452.37,414.3,2,2,2,9,0.5,0.866,0.9749,-0.2225,407,425,425,416.0,416.0,416.0,259.4,438.1
2026-09-02 03:00:00+00:00,Delhi,28.6139,77.209,419,271.6,461.4,50.6,16.4,1.76,16.4,21.0,82.5,2.5,314.8,1010.4,0.0,350.0,243.1,0.783,0.589,265.03,449.07,412.3,3,2,2,9,0.7071,0.7071,0.9749,-0.2225,411,425,425,414.3,414.3,414.3,264.1,447.7
2026-09-02 04:00:00+00:00,Delhi,28.6139,77.209,461,312.063,530.627,58.2,18.8,2.02,17.5,21.9,81.8,4.2,307.1,1009.9,0.0,350.0,408.3,0.711,0.588,282.59,479.91,430.3,4,2,2,9,0.866,0.5,0.9749,-0.2225,419,407,425,412.3,415.5,415.5,271.6,461.4
2026-09-02 05:00:00+00:00,Delhi,28.6139,77.209,447,300.0,509.8,79.9,18.1,2.77,16.2,22.3,79.8,4.6,306.1,1009.5,0.0,350.0,447.2,0.681,0.588,294.55,500.61,442.3,5,2,2,9,0.9659,0.2588,0.9749,-0.2225,461,411,425,430.3,424.6,424.6,312.06,530.63
2026-09-02 06:00:00+00:00,Delhi,28.6139,77.209,398,247.9,420.3,72.7,16.7,2.53,18.5,23.1,72.9,4.4,289.7,1009.1,0.0,350.0,427.8,0.643,0.59,286.65,486.91,435.3,6,2,2,9,1.0,0.0,0.9749,-0.2225,447,419,425,442.3,428.3,428.3,300.0,509.8
2026-09-02 07:00:00+00:00,Delhi,28.6139,77.209,406,257.6,435.1,77.2,17.7,2.69,18.4,24.7,68.5,5.8,286.5,1009.7,0.0,483.6,779.1,0.558,0.592,268.5,455.07,417.0,7,2,2,9,0.9659,-0.2588,0.9749,-0.2225,398,461,407,435.3,423.8,424.0,247.9,420.3
2026-09-02 08:00:00+00:00,Delhi,28.6139,77.209,356,192.3,323.2,98.7,17.2,3.48,27.9,26.0,65.1,6.8,285.1,1010.2,0.0,618.8,1168.8,0.495,0.595,232.6,392.87,386.7,8,2,2,9,0.866,-0.5,0.9749,-0.2225,406,447,411,417.0,423.7,421.8,257.6,435.1
2026-09-02 09:00:00+00:00,Delhi,28.6139,77.209,344,176.4,294.5,93.7,16.3,3.3,37.2,28.3,60.5,9.2,279.0,1010.2,0.0,750.8,1918.7,0.369,0.599,208.77,350.93,368.7,9,2,2,9,0.7071,-0.7071,0.9749,-0.2225,356,398,419,386.7,414.5,414.4,192.3,323.2
2026-09-02 10:00:00+00:00,Delhi,28.6139,77.209,340,172.1,285.2,94.9,16.5,3.35,49.8,29.0,56.2,10.5,278.3,1011.2,0.0,864.5,2521.5,0.288,0.603,180.27,300.97,346.7,10,2,2,9,0.5,-0.866,0.9749,-0.2225,344,406,461,368.7,402.0,407.4,176.4,294.5
2026-09-02 11:00:00+00:00,Delhi,28.6139,77.209,339,170.5,280.2,72.5,17.0,2.55,60.1,30.7,48.7,10.2,281.7,1011.4,0.0,969.7,2747.5,0.25,0.608,173.0,286.63,341.0,11,2,2,9,0.2588,-0.9659,0.9749,-0.2225,340,356,447,346.7,381.8,401.3,172.1,285.2
2026-09-02 12:00:00+00:00,Delhi,28.6139,77.209,323,150.1,244.8,66.3,15.6,2.34,62.7,31.5,45.3,12.4,280.2,1011.5,0.0,1013.1,3489.6,0.139,0.613,164.23,270.07,334.0,12,2,2,9,0.0,-1.0,0.9749,-0.2225,339,344,398,341.0,363.8,396.1,170.5,280.2
2026-09-02 13:00:00+00:00,Delhi,28.6139,77.209,338,168.9,273.2,77.2,18.1,2.72,63.8,32.5,46.1,11.7,271.8,1011.5,0.0,985.6,3203.2,0.173,0.618,163.17,266.07,333.3,13,2,2,9,-0.2588,-0.9659,0.9749,-0.2225,323,340,406,334.0,351.3,387.6,150.1,244.8
2026-09-02 14:00:00+00:00,Delhi,28.6139,77.209,326,153.2,246.2,71.9,16.9,2.53,59.3,33.3,45.8,11.0,286.4,1011.2,0.0,921.5,2815.7,0.199,0.622,157.4,254.73,329.0,14,2,2,9,-0.5,-0.866,0.9749,-0.2225,338,339,356,333.3,340.0,381.8,168.9,273.2
2026-09-02 15:00:00+00:00,Delhi,28.6139,77.209,330,158.6,254.0,75.8,17.8,2.67,53.6,32.5,42.7,11.7,283.5,1010.8,0.0,830.5,2699.1,0.15,0.624,160.23,257.8,331.3,15,2,2,9,-0.7071,-0.7071,0.9749,-0.2225,326,323,344,329.0,335.0,374.8,153.2,246.2
2026-09-02 16:00:00+00:00,Delhi,28.6139,77.209,325,152.1,243.1,73.1,17.2,2.58,43.7,31.7,45.1,12.2,294.9,1009.8,0.0,682.2,2311.9,0.146,0.626,154.63,247.77,327.0,16,2,2,9,-0.866,-0.5,0.9749,-0.2225,330,338,340,331.3,332.7,367.3,158.6,254.0
2026-09-02 17:00:00+00:00,Delhi,28.6139,77.209,314,137.7,220.4,65.8,15.5,2.32,29.4,30.2,51.2,10.8,296.7,1009.5,0.0,512.0,1536.0,0.243,0.625,149.47,239.17,323.0,17,2,2,9,-0.9659,-0.2588,0.9749,-0.2225,325,326,339,327.0,330.2,356.0,152.1,243.1
2026-09-02 18:00:00+00:00,Delhi,28.6139,77.209,317,141.5,227.5,96.3,15.6,3.4,19.5,28.7,56.1,10.5,301.6,1009.2,0.0,350.0,1020.8,0.287,0.622,143.77,230.33,318.7,18,2,2,9,-1.0,-0.0,0.9749,-0.2225,314,330,323,323.0,326.0,344.9,137.7,220.4
2026-09-02 19:00:00+00:00,Delhi,28.6139,77.209,333,163.1,263.9,108.1,17.5,3.81,16.5,28.8,56.8,8.6,290.3,1009.6,0.0,350.0,836.1,0.368,0.618,147.43,237.27,321.3,19,2,2,9,-0.9659,0.2588,0.9749,-0.2225,317,325,338,318.7,325.0,338.2,141.5,227.5
2026-09-02 20:00:00+00:00,Delhi,28.6139,77.209,327,154.4,251.7,98.9,16.0,3.49,18.2,26.5,64.2,7.0,309.9,1009.9,0.0,350.0,680.6,0.481,0.613,153.0,247.7,325.7,20,2,2,9,-0.866,0.5,0.9749,-0.2225,333,314,326,321.3,324.2,332.1,163.1,263.9
2026-09-02 21:00:00+00:00,Delhi,28.6139,77.209,336,166.5,273.8,102.6,16.6,3.62,18.1,25.3,67.7,6.0,315.5,1010.6,0.0,350.0,583.3,0.545,0.608,161.33,263.13,332.0,21,2,2,9,-0.7071,0.7071,0.9749,-0.2225,327,317,330,325.7,324.3,329.7,154.4,251.7
2026-09-02 22:00:00+00:00,Delhi,28.6139,77.209,375,217.3,360.1,72.0,16.5,2.51,16.3,22.9,72.6,4.9,309.8,1010.9,0.0,350.0,476.4,0.621,0.603,179.4,295.2,346.0,22,2,2,9,-0.5,0.866,0.9749,-0.2225,336,333,325,332.0,325.3,329.0,166.5,273.8
2026-09-02 23:00:00+00:00,Delhi,28.6139,77.209,403,252.6,421.6,74.1,16.8,2.57,18.7,22.5,76.8,5.1,316.7,1011.3,0.0,350.0,495.8,0.641,0.599,212.13,351.83,371.3,23,2,2,9,-0.2588,0.9659,0.9749,-0.2225,375,327,314,346.0,333.7,331.9,217.3,360.1
2026-09-03 00:00:00+00:00,Delhi,28.6139,77.209,430,285.2,479.2,80.9,18.3,2.8,19.2,20.8,79.5,4.5,311.4,1011.7,0.0,350.0,437.5,0.683,0.595,251.7,420.3,402.7,0,3,3,9,0.0,1.0,0.4339,-0.901,403,336,317,371.3,348.5,337.2,252.6,421.6
2026-09-03 01:00:00+00:00,Delhi,28.6139,77.209,437,291.0,491.4,56.1,18.2,1.95,18.7,20.2,81.3,3.0,308.0,1011.5,0.0,350.0,291.7,0.755,0.592,276.27,464.07,423.3,1,3,3,9,0.2588,0.9659,0.4339,-0.901,430,375,333,402.7,367.3,346.2,285.2,479.2
2026-09-03 02:00:00+00:00,Delhi,28.6139,77.209,422,275.2,466.5,52.0,16.8,1.8,16.8,21.3,82.0,2.8,304.8,1011.3,0.0,350.0,272.2,0.768,0.59,283.8,479.03,429.7,2,3,3,9,0.5,0.866,0.4339,-0.901,437,403,327,423.3,384.7,354.4,291.0,491.4
2026-09-03 03:00:00+00:00,Delhi,28.6139,77.209,435,287.9,489.1,53.7,17.4,1.86,19.4,20.6,82.9,2.7,300.6,1010.8,0.0,350.0,262.5,0.778,0.589,284.7,482.33,431.3,3,3,3,9,0.7071,0.7071,0.4339,-0.901,422,430,336,429.7,400.5,362.4,275.2,466.5
2026-09-03 04:00:00+00:00,Delhi,28.6139,77.209,459,311.7,530.0,57.8,18.7,2.01,19.4,21.4,79.1,4.6,309.2,1010.2,0.0,350.0,447.2,0.677,0.588,291.6,495.2,438.7,4,3,3,9,0.866,0.5,0.4339,-0.901,435,437,375,431.3,417.0,371.2,287.9,489.1
2026-09-03 05:00:00+00:00,Delhi,28.6139,77.209,432,284.9,484.1,75.9,17.2,2.63,19.9,21.7,78.1,3.7,296.9,1009.2,0.0,350.0,359.7,0.706,0.589,294.83,501.07,442.0,5,3,3,9,0.9659,0.2588,0.4339,-0.901,459,422,403,438.7,431.0,382.3,311.7,530.0
2026-09-03 06:00:00+00:00,Delhi,28.6139,77.209,456,309.4,524.6,83.5,18.8165,2.89,18.2,23.1,75.4,5.2,293.5,1009.6,0.0,350.0,505.6,0.628,0.59,302.0,512.9,449.0,6,3,3,9,1.0,0.0,0.4339,-0.901,432,435,430,442.0,435.8,392.2,284.9,484.1
2026-09-03 07:00:00+00:00,Delhi,28.6139,77.209,403,253.3,427.9,75.9,17.4,2.65,19.0,25.3,67.5,5.9,300.5,1009.5,0.0,485.2,795.2,0.547,0.592,282.53,478.87,430.3,7,3,3,9,0.9659,-0.2588,0.4339,-0.901,456,459,437,449.0,440.2,403.8,309.4,524.6
2026-09-03 08:00:00+00:00,Delhi,28.6139,77.209,363,202.0,339.4,103.6,18.0,3.65,26.1,25.8,64.4,7.5,294.6,1009.7,0.0,621.1,1294.0,0.463,0.595,254.9,430.63,407.3,8,3,3,9,0.866,-0.5,0.4339,-0.901,403,432,422,430.3,434.5,409.6,253.3,427.9
2026-09-03 09:00:00+00:00,Delhi,28.6139,77.209,356,193.1,322.5,102.6,17.8,3.61,37.5,27.6,59.3,9.0,279.1,1010.3,0.0,756.2,1890.5,0.369,0.599,216.13,363.27,374.0,9,3,3,9,0.7071,-0.7071,0.4339,-0.901,363,456,435,407.3,424.7,412.6,202.0,339.4
2026-09-03 10:00:00+00:00,Delhi,28.6139,77.209,352,187.2,310.2,103.2,18.0,3.64,47.7,29.7,54.6,9.6,283.7,1011.1,0.0,873.3,2328.8,0.313,0.603,194.1,324.03,357.0,10,3,3,9,0.5,-0.866,0.4339,-0.901,356,403,459,374.0,411.5,414.2,193.1,322.5
2026-09-03 11:00:00+00:00,Delhi,28.6139,77.209,333,163.3,268.4,69.4,16.3,2.45,59.6,31.1,48.6,10.5,283.9,1011.4,0.0,970.3,2830.0,0.237,0.608,181.2,300.37,347.0,11,3,3,9,0.2588,-0.9659,0.4339,-0.901,352,363,432,357.0,393.7,412.3,187.2,310.2
2026-09-03 12:00:00+00:00,Delhi,28.6139,77.209,327,154.4,251.8,68.2,16.0,2.4,62.5,31.0,46.5,12.4,289.9,1011.4,0.0,1005.5,3463.4,0.147,0.613,168.3,276.8,337.3,12,3,3,9,0.0,-1.0,0.4339,-0.901,333,356,456,347.0,377.2,406.5,163.3,268.4
2026-09-03 13:00:00+00:00,Delhi,28.6139,77.209,335,164.8,266.6,75.3,17.7,2.65,64.2,33.0,46.6,12.6,277.9,1011.3,0.0,982.6,3439.1,0.14,0.618,160.83,262.27,331.7,13,3,3,9,-0.2588,-0.9659,0.4339,-0.901,327,352,403,337.3,355.7,397.9,154.4,251.8
2026-09-03 14:00:00+00:00,Delhi,28.6139,77.209,321,147.4,236.9,69.2,16.3,2.44,60.5,32.7,46.4,12.3,272.2,1011.3,0.0,918.2,3137.2,0.151,0.622,155.53,251.77,327.7,14,3,3,9,-0.5,-0.866,0.4339,-0.901,335,333,363,331.7,344.3,389.4,164.8,266.6
2026-09-03 15:00:00+00:00,Delhi,28.6139,77.209,319,144.2,230.9,68.9,16.2,2.43,54.8,33.0,42.9,11.1,276.5,1010.5,0.0,829.6,2557.9,0.175,0.625,152.13,244.8,325.0,15,3,3,9,-0.7071,-0.7071,0.4339,-0.901,321,327,356,327.7,337.3,381.0,147.4,236.9
2026-09-03 16:00:00+00:00,Delhi,28.6139,77.209,330,158.4,253.2,76.1,17.9,2.68,44.7,32.0,45.2,11.7,282.8,1009.9,0.0,681.9,2216.2,0.167,0.626,150.0,240.33,323.3,16,3,3,9,-0.866,-0.5,0.4339,-0.901,319,335,352,325.0,331.2,371.3,144.2,230.9
2026-09-03 17:00:00+00:00,Delhi,28.6139,77.209,325,152.9,244.8,73.1,17.2,2.58,29.5,30.1,49.5,10.2,281.2,1009.6,0.0,514.7,1458.3,0.255,0.625,151.83,242.97,324.7,17,3,3,9,-0.9659,-0.2588,0.4339,-0.901,330,321,333,323.3,327.5,360.6,158.4,253.2
2026-09-03 18:00:00+00:00,Delhi,28.6139,77.209,332,161.6,259.8,109.7495,17.8,3.87165,19.6,29.9,54.3,9.6,285.2,1009.0,0.0,350.0,933.3,0.311,0.622,157.63,252.6,329.0,18,3,3,9,-1.0,-0.0,0.4339,-0.901,325,319,327,324.7,326.2,351.7,152.9,244.8
2026-09-03 19:00:00+00:00,Delhi,28.6139,77.209,324,151.6,245.3,100.5,16.3,3.54,19.6,28.1,60.5,8.8,291.8,1009.2,0.0,350.0,855.6,0.385,0.618,155.37,249.97,327.0,19,3,3,9,-0.9659,0.2588,0.4339,-0.901,332,330,335,329.0,327.0,341.3,161.6,259.8
2026-09-03 20:00:00+00:00,Delhi,28.6139,77.209,324,151.6,247.1,97.1,15.7,3.42,19.1,27.0,65.8,8.3,296.7,1009.7,0.0,350.0,806.9,0.44,0.614,154.93,250.73,326.7,20,3,3,9,-0.866,0.5,0.4339,-0.901,324,325,321,327.0,325.2,334.8,151.6,245.3
2026-09-03 21:00:00+00:00,Delhi,28.6139,77.209,345,178.0,292.6,109.7,17.8,3.87,19.9,25.6,68.7,6.6,298.7,1010.8,0.0,350.0,641.7,0.527,0.608,160.4,261.67,331.0,21,3,3,9,-0.7071,0.7071,0.4339,-0.901,324,332,319,326.7,325.7,331.5,151.6,247.1
2026-09-03 22:00:00+00:00,Delhi,28.6139,77.209,415,271.2,449.5,82.7,18.7,2.87,19.2,24.0,75.9,4.3,312.7,1011.0,0.0,350.0,418.1,0.667,0.603,200.27,329.73,361.3,22,3,3,9,-0.5,0.866,0.4339,-0.901,345,324,330,331.0,330.0,330.6,178.0,292.6
2026-09-03 23:00:00+00:00,Delhi,28.6139,77.209,422,279.3,466.3,82.0,18.6,2.84,19.4,22.8,79.7,3.9,315.2,1011.3,0.0,350.0,379.2,0.709,0.599,242.83,402.8,394.0,23,3,3,9,-0.2588,0.9659,0.4339,-0.901,415,324,325,361.3,344.2,335.8,271.2,449.5
2026-09-04 00:00:00+00:00,Delhi,28.6139,77.209,408,260.9,438.4,74.0,16.8,2.57,16.1,20.9,82.9,3.5,306.1,1011.9,0.0,350.0,340.3,0.746,0.595,270.47,451.4,415.0,0,4,4,9,0.0,1.0,-0.4339,-0.901,422,345,332,394.0,360.3,343.2,279.3,466.3
2026-09-04 01:00:00+00:00,Delhi,28.6139,77.209,433,287.0,484.8,55.4,17.9,1.92,17.6,20.2,82.5,3.9,318.8,1011.4,0.0,350.0,379.2,0.727,0.592,275.73,463.17,421.0,1,4,4,9,0.2588,0.9659,-0.4339,-0.901,408,415,324,415.0,373.0,350.0,260.9,438.4
2026-09-04 02:00:00+00:00,Delhi,28.6139,77.209,419,272.0,461.1,51.4,16.6,1.78,19.9,21.3,84.2,3.9,300.3,1011.4,0.0,350.0,379.2,0.739,0.59,273.3,461.43,420.0,2,4,4,9,0.5,0.866,-0.4339,-0.901,433,422,324,421.0,391.2,358.2,287.0,484.8
2026-09-04 03:00:00+00:00,Delhi,28.6139,77.209,443,295.5,502.0,55.1,17.8,1.91,18.0,20.3,81.4,3.0,310.2,1010.4,0.0,350.0,291.7,0.756,0.589,284.83,482.63,431.7,3,4,4,9,0.7071,0.7071,-0.4339,-0.901,419,408,345,420.0,407.0,366.3,272.0,461.1
2026-09-04 04:00:00+00:00,Delhi,28.6139,77.209,459,311.7,530.0,57.8,18.7,2.01,18.2,21.1,81.7,3.1,306.7,1009.6,0.0,350.0,301.4,0.754,0.588,293.07,497.7,440.3,4,4,4,9,0.866,0.5,-0.4339,-0.901,443,433,415,431.7,423.3,376.7,295.5,502.0
2026-09-04 05:00:00+00:00,Delhi,28.6139,77.209,446,298.1,506.6,79.4,18.0,2.75,17.3,22.6,79.4,4.7,296.2,1009.2,0.0,350.0,456.9,0.675,0.588,301.77,512.87,449.3,5,4,4,9,0.9659,0.2588,-0.4339,-0.901,459,419,422,440.3,430.7,387.4,311.7,530.0
2026-09-04 06:00:00+00:00,Delhi,28.6139,77.209,429,282.5,478.9,76.2,17.3,2.64,17.6,23.2,75.7,5.7,291.0,1009.2,0.0,350.0,554.2,0.61,0.59,297.43,505.17,444.7,6,4,4,9,1.0,0.0,-0.4339,-0.901,446,443,408,449.3,434.7,397.5,298.1,506.6
2026-09-04 07:00:00+00:00,Delhi,28.6139,77.209,366,206.0,348.0,76.1,17.9,2.68,18.5,24.6,67.3,6.2,299.9,1009.6,0.0,485.6,836.3,0.534,0.592,262.2,444.5,413.7,7,4,4,9,0.9659,-0.2588,-0.4339,-0.901,429,459,433,444.7,438.2,405.6,282.5,478.9
2026-09-04 08:00:00+00:00,Delhi,28.6139,77.209,354,190.5,320.1,97.8,17.0,3.45,28.4,26.2,64.2,6.5,283.2,1009.9,0.0,621.7,1122.5,0.501,0.595,226.33,382.33,383.0,8,4,4,9,0.866,-0.5,-0.4339,-0.901,366,446,419,413.7,427.0,409.1,206.0,348.0
2026-09-04 09:00:00+00:00,Delhi,28.6139,77.209,354,190.4,317.9,101.1,17.6,3.56,37.5,28.0,58.5,8.1,283.9,1010.7,0.0,759.8,1709.6,0.399,0.599,195.63,328.67,358.0,9,4,4,9,0.7071,-0.7071,-0.4339,-0.901,354,429,443,383.0,416.2,411.6,190.5,320.1
2026-09-04 10:00:00+00:00,Delhi,28.6139,77.209,348,182.0,301.7,100.4,17.5,3.54,49.8,28.8,54.1,10.0,278.7,1011.3,0.0,876.0,2433.3,0.294,0.603,187.63,313.23,352.0,10,4,4,9,0.5,-0.866,-0.4339,-0.901,354,366,459,358.0,401.3,412.3,190.4,317.9
2026-09-04 11:00:00+00:00,Delhi,28.6139,77.209,344,177.6,292.0,75.5,17.7,2.66,57.0,30.3,48.4,9.7,275.4,1011.5,0.0,971.5,2617.7,0.268,0.608,183.33,303.87,348.7,11,4,4,9,0.2588,-0.9659,-0.4339,-0.901,348,354,446,352.0,382.8,406.8,182.0,301.7
2026-09-04 12:00:00+00:00,Delhi,28.6139,77.209,327,155.2,253.1,68.6,16.1,2.42,63.6,31.6,47.3,10.8,283.9,1011.7,0.0,1000.4,3001.2,0.217,0.613,171.6,282.27,339.7,12,4,4,9,0.0,-1.0,-0.4339,-0.901,344,354,429,348.7,365.8,400.2,177.6,292.0
2026-09-04 13:00:00+00:00,Delhi,28.6139,77.209,322,148.3,240.0,67.8,15.9,2.39,65.7,31.5,45.9,12.4,272.6,1011.5,0.0,986.8,3399.0,0.143,0.618,160.37,261.7,331.0,13,4,4,9,-0.2588,-0.9659,-0.4339,-0.901,327,348,366,339.7,348.8,393.5,155.2,253.1
2026-09-04 14:00:00+00:00,Delhi,28.6139,77.209,331,159.6,256.6,74.9,17.6,2.64,63.1,32.5,41.8,11.5,289.0,1011.1,0.0,943.5,3014.0,0.152,0.622,154.37,249.9,326.7,14,4,4,9,-0.5,-0.866,-0.4339,-0.901,322,344,354,331.0,341.5,384.2,148.3,240.0
2026-09-04 15:00:00+00:00,Delhi,28.6139,77.209,327,154.9,248.0,74.0,17.4,2.61,53.4,33.1,45.2,12.7,292.2,1010.6,0.0,819.3,2890.3,0.127,0.625,154.27,248.2,326.7,15,4,4,9,-0.7071,-0.7071,-0.4339,-0.901,331,327,354,326.7,337.7,376.9,159.6,256.6
2026-09-04 16:00:00+00:00,Delhi,28.6139,77.209,318,143.0,228.6,68.7,16.2,2.42,41.7,32.2,46.9,12.2,292.4,1009.9,0.0,676.5,2292.6,0.158,0.626,152.5,244.4,325.3,16,4,4,9,-0.866,-0.5,-0.4339,-0.901,327,322,348,326.7,333.2,367.2,154.9,248.0
2026-09-04 17:00:00+00:00,Delhi,28.6139,77.209,315,139.5,223.4,66.7,15.7,2.35,29.3,31.0,51.2,10.7,293.7,1009.3,0.0,512.0,1521.8,0.247,0.624,145.8,233.33,320.0,17,4,4,9,-0.9659,-0.2588,-0.4339,-0.901,318,331,344,325.3,328.2,355.5,143.0,228.6
2026-09-04 18:00:00+00:00,Delhi,28.6139,77.209,329,157.0,252.4,106.9,17.3,3.77,18.8,29.1,53.1,9.8,287.8,1009.1,0.0,350.0,952.8,0.295,0.622,146.5,234.8,320.7,18,4,4,9,-1.0,-0.0,-0.4339,-0.901,315,327,327,320.0,323.3,344.6,139.5,223.4
2026-09-04 19:00:00+00:00,Delhi,28.6139,77.209,327,154.4,249.9,102.4,16.6,3.61,19.6,27.4,58.4,8.7,297.2,1009.3,0.0,350.0,845.8,0.375,0.618,150.3,241.9,323.7,19,4,4,9,-0.9659,0.2588,-0.4339,-0.901,329,318,322,320.7,323.7,336.2,157.0,252.4
2026-09-04 20:00:00+00:00,Delhi,28.6139,77.209,323,149.1,243.0,95.5,15.5,3.37,17.4,26.6,65.0,8.2,307.8,1009.8,0.0,350.0,797.2,0.439,0.614,153.5,248.43,326.3,20,4,4,9,-0.866,0.5,-0.4339,-0.901,327,315,331,323.7,324.5,333.0,154.4,249.9
2026-09-04 21:00:00+00:00,Delhi,28.6139,77.209,338,169.4,278.5,104.4,16.9,3.68,18.4,25.4,70.9,7.2,304.0,1010.6,0.0,350.0,700.0,0.518,0.608,157.63,257.13,329.3,21,4,4,9,-0.7071,0.7071,-0.4339,-0.901,323,329,327,326.3,323.2,330.4,149.1,243.0
2026-09-04 22:00:00+00:00,Delhi,28.6139,77.209,388,234.0,387.8,77.6,17.8,2.7,17.6,23.1,72.6,5.1,298.6,1011.0,0.0,350.0,495.8,0.613,0.603,184.17,303.1,349.7,22,4,4,9,-0.5,0.866,-0.4339,-0.901,338,327,318,329.3,325.0,329.1,169.4,278.5
2026-09-04 23:00:00+00:00,Delhi,28.6139,77.209,407,259.1,432.6,76.0,17.2,2.64,18.3,21.7,78.0,3.6,311.9,1011.3,0.0,350.0,350.0,0.709,0.599,220.83,366.3,377.7,23,4,4,9,-0.2588,0.9659,-0.4339,-0.901,388,323,315,349.7,336.7,332.4,234.0,387.8
2026-09-05 00:00:00+00:00,Delhi,28.6139,77.209,412,267.5,449.5,75.9,17.2,2.63,16.8,20.5,82.0,2.9,309.2,1011.4,0.0,350.0,281.9,0.764,0.595,253.53,423.3,402.3,0,5,5,9,0.0,1.0,-0.9749,-0.2225,407,338,329,377.7,352.0,337.7,259.1,432.6
2026-09-05 01:00:00+00:00,Delhi,28.6139,77.209,416,269.5,455.2,52.0,16.8,1.8,16.3,20.4,84.6,2.9,314.5,1011.7,0.0,350.0,281.9,0.781,0.592,265.37,445.77,411.7,1,5,5,9,0.2588,0.9659,-0.9749,-0.2225,412,388,327,402.3,365.8,344.8,267.5,449.5
2026-09-05 02:00:00+00:00,Delhi,28.6139,77.209,446,299.6,507.9,56.6,18.3,1.96,18.6,19.7,84.2,4.0,305.0,1011.2,0.0,350.0,388.9,0.735,0.59,278.87,470.87,424.7,2,5,5,9,0.5,0.866,-0.9749,-0.2225,416,407,323,411.7,380.7,352.6,269.5,455.2
2026-09-05 03:00:00+00:00,Delhi,28.6139,77.209,421,273.1,464.1,50.9,16.5,1.77,18.7,21.1,85.6,2.6,296.0,1010.3,0.0,350.0,252.8,0.8,0.588,280.73,475.73,427.7,3,5,5,9,0.7071,0.7071,-0.9749,-0.2225,446,412,338,424.7,401.2,362.2,299.6,507.9
2026-09-05 04:00:00+00:00,Delhi,28.6139,77.209,444,296.8,504.7,55.1,17.8,1.91,19.0,21.4,79.9,4.0,307.8,1009.7,0.0,350.0,388.9,0.706,0.588,289.83,492.23,437.0,4,5,5,9,0.866,0.5,-0.9749,-0.2225,421,416,388,427.7,415.0,370.0,273.1,464.1
2026-09-05 05:00:00+00:00,Delhi,28.6139,77.209,429,281.8,478.8,75.0,17.0,2.6,18.7,21.6,79.7,5.2,291.0,1009.2,0.0,350.0,505.6,0.657,0.589,283.9,482.53,431.3,5,5,5,9,0.9659,0.2588,-0.9749,-0.2225,444,446,407,437.0,424.3,380.5,296.8,504.7
2026-09-05 06:00:00+00:00,Delhi,28.6139,77.209,409,262.3,444.6,76.9,17.6,2.68,16.4,24.2,73.5,5.7,286.5,1009.4,0.0,350.0,554.2,0.595,0.59,280.3,476.03,427.3,6,5,5,9,1.0,0.0,-0.9749,-0.2225,429,421,412,431.3,428.0,390.0,281.8,478.8
2026-09-05 07:00:00+00:00,Delhi,28.6139,77.209,363,202.3,341.7,74.7,17.6,2.63,17.4,25.4,70.9,6.5,283.5,1009.8,0.0,479.7,866.1,0.546,0.592,248.8,421.7,400.3,7,5,5,9,0.9659,-0.2588,-0.9749,-0.2225,409,444,416,427.3,427.5,396.7,262.3,444.6
2026-09-05 08:00:00+00:00,Delhi,28.6139,77.209,360,197.8,332.4,101.5,17.7,3.58,26.4,26.4,63.4,7.5,284.3,1010.1,0.0,624.2,1300.4,0.456,0.595,220.8,372.9,377.3,8,5,5,9,0.866,-0.5,-0.9749,-0.2225,363,429,446,400.3,418.7,399.7,202.3,341.7
2026-09-05 09:00:00+00:00,Delhi,28.6139,77.209,353,188.6,314.9,100.1,17.4,3.53,40.3,28.8,59.5,9.3,288.5,1010.5,0.0,755.3,1951.2,0.358,0.599,196.23,329.67,358.7,9,5,5,9,0.7071,-0.7071,-0.9749,-0.2225,360,409,421,377.3,404.3,402.8,197.8,332.4
2026-09-05 10:00:00+00:00,Delhi,28.6139,77.209,347,181.5,300.7,100.1,17.4,3.53,47.5,29.1,55.5,9.8,281.7,1011.1,0.0,868.3,2363.7,0.311,0.604,189.3,316.0,353.3,10,5,5,9,0.5,-0.866,-0.9749,-0.2225,353,363,444,358.7,393.0,404.0,188.6,314.9
2026-09-05 11:00:00+00:00,Delhi,28.6139,77.209,337,167.3,274.9,71.1,16.7,2.51,57.4,31.3,51.5,9.9,288.1,1011.4,0.0,952.6,2619.6,0.281,0.609,179.13,296.83,345.7,11,5,5,9,0.2588,-0.9659,-0.9749,-0.2225,347,360,429,353.3,376.8,400.6,181.5,300.7
2026-09-05 12:00:00+00:00,Delhi,28.6139,77.209,338,169.6,276.5,74.9,17.6,2.64,64.2,31.5,44.3,12.1,273.6,1011.5,0.0,1019.4,3426.3,0.145,0.613,172.8,284.03,340.7,12,5,5,9,0.0,-1.0,-0.9749,-0.2225,337,353,409,345.7,361.5,394.8,167.3,274.9
2026-09-05 13:00:00+00:00,Delhi,28.6139,77.209,320,146.1,236.3,66.8,15.7,2.35,64.8,32.9,45.7,11.4,270.7,1011.8,0.0,988.1,3129.0,0.182,0.618,161.0,262.57,331.7,13,5,5,9,-0.2588,-0.9659,-0.9749,-0.2225,338,347,363,340.7,349.7,388.6,169.6,276.5
2026-09-05 14:00:00+00:00,Delhi,28.6139,77.209,330,159.4,256.3,74.9,17.6,2.64,58.8,32.5,45.3,12.4,284.9,1011.1,0.0,924.3,3183.7,0.139,0.622,158.37,256.37,329.3,14,5,5,9,-0.5,-0.866,-0.9749,-0.2225,320,337,360,331.7,342.5,380.6,146.1,236.3
2026-09-05 15:00:00+00:00,Delhi,28.6139,77.209,324,150.4,240.8,71.9,16.9,2.53,52.8,31.9,45.6,11.5,286.0,1010.5,0.0,817.5,2611.5,0.177,0.625,151.97,244.47,324.7,15,5,5,9,-0.7071,-0.7071,-0.9749,-0.2225,330,338,353,329.3,337.5,370.9,159.4,256.3
2026-09-05 16:00:00+00:00,Delhi,28.6139,77.209,243,103.2,165.1,64.6,15.6,2.3,41.6,32.1,45.8,11.8,282.9,1009.8,1.5,680.0,2228.9,0.167,0.625,137.67,220.73,299.0,16,5,5,9,-0.866,-0.5,-0.9749,-0.2225,324,320,347,324.7,332.7,362.8,150.4,240.8
2026-09-05 17:00:00+00:00,Delhi,28.6139,77.209,136,87.9,141.9725,69.1,17.1,2.5,30.2,30.8,51.2,10.1,285.4,1009.5,3.1,512.0,1436.4,0.271,0.619,113.83,182.62,234.3,17,5,5,9,-0.9659,-0.2588,-0.9749,-0.2225,243,330,337,299.0,315.3,346.1,103.2,165.1
2026-09-05 18:00:00+00:00,Delhi,28.6139,77.209,300,120.0,193.0,100.1,16.5,3.56,17.1,29.2,52.0,9.1,289.5,1009.1,1.2,350.0,884.7,0.316,0.622,103.7,166.69,226.3,18,5,5,9,-1.0,-0.0,-0.9749,-0.2225,136,324,338,234.3,281.8,321.7,87.9,141.97
2026-09-05 19:00:00+00:00,Delhi,28.6139,77.209,202,91.2,147.5,100.9,17.0,3.62,18.3,28.8,59.1,9.1,291.4,1009.7,2.5,350.0,884.7,0.363,0.618,99.7,160.82,212.7,19,5,5,9,-0.9659,0.2588,-0.9749,-0.2225,300,243,320,226.3,275.5,312.6,120.0,193.0
2026-09-05 20:00:00+00:00,Delhi,28.6139,77.209,332,161.3,263.0,103.3,16.7,3.64,19.3,26.5,63.7,6.9,293.5,1010.2,0.0,350.0,670.8,0.482,0.613,124.17,201.17,278.0,20,5,5,9,-0.866,0.5,-0.9749,-0.2225,202,136,330,212.7,255.8,299.2,91.2,147.5
2026-09-05 21:00:00+00:00,Delhi,28.6139,77.209,339,169.9,279.3,104.7,17.0,3.69,17.2,24.8,67.0,6.6,296.7,1010.3,0.0,350.0,641.7,0.516,0.608,140.8,229.93,291.0,21,5,5,9,-0.7071,0.7071,-0.9749,-0.2225,332,300,324,278.0,256.2,296.8,161.3,263.0
2026-09-05 22:00:00+00:00,Delhi,28.6139,77.209,375,217.5,360.5,72.1,16.5,2.51,18.1,24.3,72.1,5.8,310.1,1011.3,0.0,350.0,563.9,0.582,0.603,182.9,300.93,348.7,22,5,5,9,-0.5,0.866,-0.9749,-0.2225,339,202,243,291.0,258.7,295.7,169.9,279.3
2026-09-05 23:00:00+00:00,Delhi,28.6139,77.209,413,268.7,448.6,78.8,17.9,2.73,18.4,22.2,77.9,5.0,319.3,1011.4,0.0,350.0,486.1,0.653,0.599,218.7,362.8,375.7,23,5,5,9,-0.2588,0.9659,-0.9749,-0.2225,375,332,136,348.7,280.7,298.0,217.5,360.5
2026-09-06 00:00:00+00:00,Delhi,28.6139,77.209,406,257.8,433.2,73.1,16.6,2.53,16.7,21.7,83.6,3.0,304.2,1011.8,0.0,350.0,291.7,0.771,0.595,248.0,414.1,398.0,0,6,6,9,0.0,1.0,-0.7818,0.6235,413,339,300,375.7,326.8,304.3,268.7,448.6
2026-09-06 01:00:00+00:00,Delhi,28.6139,77.209,415,268.6,453.7,51.8,16.8,1.8,18.8,20.0,80.8,3.1,311.4,1011.4,0.0,350.0,301.4,0.748,0.592,265.03,445.17,411.3,1,6,6,9,0.2588,0.9659,-0.7818,0.6235,406,375,202,398.0,344.5,310.0,257.8,433.2
2026-09-06 02:00:00+00:00,Delhi,28.6139,77.209,439,292.5,495.8,55.2,17.9,1.91,18.6,20.8,83.8,3.4,316.5,1011.3,0.0,350.0,330.6,0.756,0.59,272.97,460.9,420.0,2,6,6,9,0.5,0.866,-0.7818,0.6235,415,413,332,411.3,380.0,317.9,268.6,453.7
2026-09-06 03:00:00+00:00,Delhi,28.6139,77.209,453,305.7,519.4,57.0,18.4,1.98,16.3,21.4,82.9,3.2,308.6,1010.7,0.0,350.0,311.1,0.758,0.589,288.93,489.63,435.7,3,6,6,9,0.7071,0.7071,-0.7818,0.6235,439,406,339,420.0,397.8,327.0,292.5,495.8
2026-09-06 04:00:00+00:00,Delhi,28.6139,77.209,422,274.3,466.4,50.9,16.5,1.76,18.8,20.8,80.4,4.1,303.9,1009.8,0.0,350.0,398.6,0.705,0.588,290.83,493.87,438.0,4,6,6,9,0.866,0.5,-0.7818,0.6235,453,415,375,435.7,416.8,337.8,305.7,519.4
2026-09-06 05:00:00+00:00,Delhi,28.6139,77.209,417,269.1,457.3,71.7,16.2,2.48,17.7,22.6,80.4,4.3,298.8,1009.2,0.0,350.0,418.1,0.697,0.588,283.03,481.03,430.7,5,6,6,9,0.9659,0.2588,-0.7818,0.6235,422,439,413,438.0,424.7,352.7,274.3,466.4
2026-09-06 06:00:00+00:00,Delhi,28.6139,77.209,408,260.1,441.0,76.3,17.5,2.66,19.8,23.2,72.8,4.4,304.2,1009.5,0.0,350.0,427.8,0.643,0.59,267.83,454.9,415.7,6,6,6,9,1.0,0.0,-0.7818,0.6235,417,453,406,430.7,425.3,376.1,269.1,457.3
2026-09-06 07:00:00+00:00,Delhi,28.6139,77.209,401,250.4,423.0,75.0,17.2,2.62,18.6,25.7,70.0,5.9,281.9,1009.6,0.0,481.1,788.5,0.564,0.592,259.87,440.43,408.7,7,6,6,9,0.9659,-0.2588,-0.7818,0.6235,408,422,415,415.7,425.7,385.1,260.1,441.0
2026-09-06 08:00:00+00:00,Delhi,28.6139,77.209,343,175.8,295.4,90.2,15.7,3.18,27.5,27.2,62.4,7.7,290.2,1009.9,0.0,627.4,1341.9,0.441,0.595,228.77,386.47,384.0,8,6,6,9,0.866,-0.5,-0.7818,0.6235,401,417,439,408.7,423.3,401.7,250.4,423.0
2026-09-06 09:00:00+00:00,Delhi,28.6139,77.209,343,175.6,293.2,93.3,16.2,3.29,40.2,27.8,59.7,9.4,281.0,1010.6,0.0,754.4,1969.8,0.355,0.599,200.6,337.2,362.3,9,6,6,9,0.7071,-0.7071,-0.7818,0.6235,343,408,453,384.0,407.3,402.6,175.8,295.4
2026-09-06 10:00:00+00:00,Delhi,28.6139,77.209,353,188.2,311.8,103.8,18.1,3.66,48.6,30.0,54.3,9.7,278.3,1011.0,0.0,874.9,2357.4,0.307,0.604,179.87,300.13,346.3,10,6,6,9,0.5,-0.866,-0.7818,0.6235,343,401,422,362.3,389.0,402.9,175.6,293.2
2026-09-06 11:00:00+00:00,Delhi,28.6139,77.209,331,159.8,262.7,67.9,16.0,2.39,55.9,30.8,52.3,11.0,281.4,1011.5,0.0,947.7,2895.8,0.242,0.608,174.53,289.23,342.3,11,6,6,9,0.2588,-0.9659,-0.7818,0.6235,353,343,417,346.3,377.5,401.1,188.2,311.8
2026-09-06 12:00:00+00:00,Delhi,28.6139,77.209,341,173.0,282.0,76.4,17.9,2.69,62.7,32.1,47.3,11.9,274.1,1011.7,0.0,1000.4,3306.9,0.173,0.613,173.67,285.5,341.7,12,6,6,9,0.0,-1.0,-0.7818,0.6235,331,343,408,342.3,363.2,394.2,159.8,262.7
2026-09-06 13:00:00+00:00,Delhi,28.6139,77.209,322,147.9,239.3,67.6,15.9,2.38,65.7495,32.6,42.8,12.8,282.7,1011.4,0.0,1005.8,3576.2,0.107,0.618,160.23,261.33,331.3,13,6,6,9,-0.2588,-0.9659,-0.7818,0.6235,341,353,401,341.7,352.0,388.8,173.0,282.0
2026-09-06 14:00:00+00:00,Delhi,28.6139,77.209,318,142.9,229.8,67.1,15.8,2.37,63.7,32.6,42.0,13.0,290.3,1011.1,0.0,942.4,3403.1,0.093,0.622,154.6,250.37,327.0,14,6,6,9,-0.5,-0.866,-0.7818,0.6235,322,331,343,331.3,338.8,381.1,147.9,239.3
2026-09-06 15:00:00+00:00,Delhi,28.6139,77.209,332,161.1,258.0,77.0,18.1,2.71,52.0,32.3,45.8,11.9,279.9,1010.7,0.0,816.6,2699.3,0.163,0.624,150.63,242.37,324.0,15,6,6,9,-0.7071,-0.7071,-0.7818,0.6235,318,341,343,327.0,334.7,371.0,142.9,229.8
2026-09-06 16:00:00+00:00,Delhi,28.6139,77.209,329,157.4,251.7,75.7,17.8,2.67,42.1,31.8,46.1,12.2,287.7,1010.1,0.0,679.0,2301.1,0.153,0.625,153.8,246.5,326.3,16,6,6,9,-0.866,-0.5,-0.7818,0.6235,332,322,353,324.0,332.8,360.9,161.1,258.0
2026-09-06 17:00:00+00:00,Delhi,28.6139,77.209,319,144.4,231.3,69.0,16.2,2.43,29.6,31.2,49.4,11.6,291.3,1009.7,0.0,514.9,1659.1,0.199,0.624,154.3,247.0,326.7,17,6,6,9,-0.9659,-0.2588,-0.7818,0.6235,329,318,331,326.3,328.8,353.2,157.4,251.7
2026-09-06 18:00:00+00:00,Delhi,28.6139,77.209,322,148.5,238.7,101.1,16.4,3.56,18.2,29.6,56.5,9.7,288.0,1009.3,0.0,350.0,943.1,0.322,0.622,150.1,240.57,323.3,18,6,6,9,-1.0,-0.0,-0.7818,0.6235,319,332,341,326.7,326.8,345.0,144.4,231.3
2026-09-06 19:00:00+00:00,Delhi,28.6139,77.209,330,158.2,256.0,104.9,17.0,3.7,16.9,28.1,58.6,8.3,292.7,1009.6,0.0,350.0,806.9,0.392,0.618,150.37,242.0,323.7,19,6,6,9,-0.9659,0.2588,-0.7818,0.6235,322,329,322,323.3,323.7,337.8,148.5,238.7
2026-09-06 20:00:00+00:00,Delhi,28.6139,77.209,330,158.9,259.1,101.8,16.5,3.59,18.7,26.9,61.7,8.0,306.6,1010.1,0.0,350.0,777.8,0.425,0.613,155.2,251.27,327.3,20,6,6,9,-0.866,0.5,-0.7818,0.6235,330,319,318,323.7,325.0,331.9,158.2,256.0
2026-09-06 21:00:00+00:00,Delhi,28.6139,77.209,339,170.6,280.5,105.2,17.0,3.71,19.5,25.5,71.6,6.3,296.3,1010.5,0.0,350.0,612.5,0.559,0.608,162.57,265.2,333.0,21,6,6,9,-0.7071,0.7071,-0.7818,0.6235,330,322,332,327.3,327.0,330.8,158.9,259.1
2026-09-06 22:00:00+00:00,Delhi,28.6139,77.209,380,224.2,371.6,74.3,17.0,2.59,18.6,24.1,73.7,5.3,307.1,1011.2,0.0,350.0,515.3,0.613,0.603,184.57,303.73,349.7,22,6,6,9,-0.5,0.866,-0.7818,0.6235,339,330,329,333.0,328.2,330.5,170.6,280.5
2026-09-06 23:00:00+00:00,Delhi,28.6139,77.209,414,269.9,450.6,79.2,17.9,2.75,19.4,21.7,78.0,5.3,306.3,1011.7,0.0,350.0,515.3,0.641,0.599,221.57,367.57,377.7,23,6,6,9,-0.2588,0.9659,-0.7818,0.6235,380,330,319,349.7,336.7,332.8,224.2,371.6
2026-09-07 00:00:00+00:00,Delhi,28.6139,77.209,429,284.1,477.4,80.6,18.2,2.79,19.5,21.9,83.1,3.4,306.3,1011.8,0.0,350.0,330.6,0.751,0.595,259.4,433.2,407.7,0,7,0,9,0.0,1.0,0.0,1.0,414,339,322,377.7,352.5,339.7,269.9,450.6
2026-09-07 01:00:00+00:00,Delhi,28.6139,77.209,437,291.7,492.7,56.3,18.2,1.95,17.7,20.0,81.2,3.4,317.9,1011.8,0.0,350.0,330.6,0.739,0.592,281.9,473.57,426.7,1,7,0,9,0.2588,0.9659,0.0,1.0,429,380,330,407.7,370.3,347.0,284.1,477.4
2026-09-07 02:00:00+00:00,Delhi,28.6139,77.209,452,305.2,517.4,57.6,18.7,2.0,16.2,19.9,84.7,3.7,306.9,1011.2,0.0,350.0,359.7,0.75,0.59,293.67,495.83,439.3,2,7,0,9,0.5,0.866,0.0,1.0,437,414,330,426.7,388.2,356.6,291.7,492.7
2026-09-07 03:00:00+00:00,Delhi,28.6139,77.209,441,293.6,498.8,54.7,17.7,1.9,19.2,21.2,82.3,2.9,298.5,1010.5,0.0,350.0,281.9,0.766,0.589,296.83,502.97,443.3,3,7,0,9,0.7071,0.7071,0.0,1.0,452,429,339,439.3,408.5,367.8,305.2,517.4
2026-09-07 04:00:00+00:00,Delhi,28.6139,77.209,459,311.1,529.0,57.7,18.7,2.0,16.6,20.8,79.2,4.3,304.9,1009.7,0.0,350.0,418.1,0.689,0.588,303.3,515.07,450.7,4,7,0,9,0.866,0.5,0.0,1.0,441,437,380,443.3,425.5,376.8,293.6,498.8
2026-09-07 05:00:00+00:00,Delhi,28.6139,77.209,456,309.2,525.3,82.3,18.6,2.85,18.7,22.2,76.9,3.8,289.1,1009.6,0.0,350.0,369.4,0.694,0.589,304.63,517.7,452.0,5,7,0,9,0.9659,0.2588,0.0,1.0,459,452,414,450.7,438.7,387.7,311.1,529.0
2026-09-07 06:00:00+00:00,Delhi,28.6139,77.209,404,253.9,430.5,74.5,17.1,2.6,17.0,23.0,73.7,4.9,296.8,1009.4,0.0,350.0,476.4,0.629,0.59,291.4,494.93,439.7,6,7,0,9,1.0,0.0,0.0,1.0,456,441,429,452.0,445.7,399.1,309.2,525.3
2026-09-07 07:00:00+00:00,Delhi,28.6139,77.209,358,195.8,330.7,72.3,17.0,2.55,18.3,25.5,67.7,6.1,290.8,1009.3,0.0,484.9,821.6,0.541,0.592,252.97,428.83,406.0,7,7,0,9,0.9659,-0.2588,0.0,1.0,404,459,437,439.7,441.5,405.9,253.9,430.5
2026-09-07 08:00:00+00:00,Delhi,28.6139,77.209,354,190.1,319.4,97.5,17.0,3.44,28.8,27.3,63.0,8.5,290.7,1009.8,0.0,625.5,1476.9,0.413,0.595,213.27,360.2,372.0,8,7,0,9,0.866,-0.5,0.0,1.0,358,456,452,406.0,428.3,408.2,195.8,330.7
2026-09-07 09:00:00+00:00,Delhi,28.6139,77.209,343,175.6,293.1,93.2,16.2,3.29,40.6,28.4,56.6,8.9,284.3,1010.7,0.0,768.3,1899.4,0.355,0.599,187.17,314.4,351.7,9,7,0,9,0.7071,-0.7071,0.0,1.0,354,404,441,372.0,412.0,410.2,190.1,319.4
2026-09-07 10:00:00+00:00,Delhi,28.6139,77.209,347,181.2,300.3,99.9,17.4,3.52,50.1,29.7,53.3,10.0,284.4,1011.2,0.0,880.4,2445.6,0.289,0.603,182.3,304.27,348.0,10,7,0,9,0.5,-0.866,0.0,1.0,343,358,459,351.7,395.7,410.6,175.6,293.1
2026-09-07 11:00:00+00:00,Delhi,28.6139,77.209,336,166.6,273.9,70.8,16.6,2.5,57.8,31.3,50.5,11.5,283.4,1011.4,0.0,958.7,3062.5,0.21,0.608,174.47,289.1,342.0,11,7,0,9,0.2588,-0.9659,0.0,1.0,347,354,456,348.0,377.0,407.8,181.2,300.3
2026-09-07 12:00:00+00:00,Delhi,28.6139,77.209,325,152.3,248.4,67.3,15.8,2.37,64.8,32.1,44.6,11.0,284.9,1011.5,0.0,1017.5,3109.0,0.191,0.613,166.7,274.2,336.0,12,7,0,9,0.0,-1.0,0.0,1.0,336,343,404,342.0,357.0,401.3,166.6,273.9
2026-09-07 13:00:00+00:00,Delhi,28.6139,77.209,334,164.6,266.2,75.2,17.7,2.65,64.4,33.0,44.8,12.7,287.1,1011.4,0.0,993.6,3505.2,0.124,0.618,161.17,262.83,331.7,13,7,0,9,-0.2588,-0.9659,0.0,1.0,325,347,358,336.0,343.8,392.7,152.3,248.4
2026-09-07 14:00:00+00:00,Delhi,28.6139,77.209,318,143.5,230.7,67.4,15.8,2.38,62.4,33.0,45.2,11.7,274.3,1011.4,0.0,924.8,3005.6,0.167,0.622,153.47,248.43,325.7,14,7,0,9,-0.5,-0.866,0.0,1.0,334,336,354,331.7,339.8,384.1,164.6,266.2
2026-09-07 15:00:00+00:00,Delhi,28.6139,77.209,320,146.4,234.4,70.0,16.4,2.47,54.2,32.9,45.8,12.8,293.7,1010.7,0.0,816.6,2903.5,0.127,0.625,151.5,243.77,324.0,15,7,0,9,-0.7071,-0.7071,0.0,1.0,318,325,343,325.7,333.8,372.9,143.5,230.7
2026-09-07 16:00:00+00:00,Delhi,28.6139,77.209,324,150.8,241.0,72.5,17.0,2.55,44.0,30.9,46.9,11.3,291.0,1010.0,0.0,676.5,2123.5,0.194,0.626,146.9,235.37,320.7,16,7,0,9,-0.866,-0.5,0.0,1.0,320,334,347,324.0,330.0,362.8,146.4,234.4
2026-09-07 17:00:00+00:00,Delhi,28.6139,77.209,324,151.1,241.9,72.2,17.0,2.54,32.4,31.4,47.9,10.1,281.6,1009.7,0.0,517.4,1451.6,0.249,0.625,149.43,239.1,322.7,17,7,0,9,-0.9659,-0.2588,0.0,1.0,324,318,336,320.7,326.2,351.6,150.8,241.0
2026-09-07 18:00:00+00:00,Delhi,28.6139,77.209,323,150.0,241.2,102.2,16.6,3.6,16.6,29.1,51.8,10.4,303.2,1009.2,0.0,350.0,1011.1,0.263,0.622,150.63,241.37,323.7,18,7,0,9,-1.0,-0.0,0.0,1.0,324,320,325,322.7,324.2,340.6,151.1,241.9
2026-09-07 19:00:00+00:00,Delhi,28.6139,77.209,321,147.3,238.3,97.6,15.8,3.44,17.8,28.8,57.8,8.6,290.8,1009.7,0.0,350.0,836.1,0.375,0.618,149.47,240.47,322.7,19,7,0,9,-0.9659,0.2588,0.0,1.0,323,324,334,323.7,323.8,333.8,150.0,241.2
2026-09-07 20:00:00+00:00,Delhi,28.6139,77.209,325,152.9,249.3,97.9,15.9,3.45,17.7,26.8,65.2,8.4,300.9,1010.0,0.0,350.0,816.7,0.432,0.613,150.07,242.93,323.0,20,7,0,9,-0.866,0.5,0.0,1.0,321,324,318,322.7,321.7,330.8,147.3,238.3
2026-09-07 21:00:00+00:00,Delhi,28.6139,77.209,327,154.7,254.3,101.4,16.5,3.58,19.8,24.3,69.1,6.2,314.6,1010.2,0.4,350.0,602.8,0.546,0.608,151.63,247.3,324.3,21,7,0,9,-0.7071,0.7071,0.0,1.0,325,323,320,323.0,322.8,328.3,152.9,249.3
2026-09-07 22:00:00+00:00,Delhi,28.6139,77.209,379,222.4,368.5,73.7,16.9,2.57,17.6,24.1,72.0,5.6,308.9,1011.4,0.0,350.0,544.4,0.589,0.604,176.67,290.7,343.7,22,7,0,9,-0.5,0.866,0.0,1.0,327,321,324,324.3,324.0,327.0,154.7,254.3
2026-09-07 23:00:00+00:00,Delhi,28.6139,77.209,414,269.6,450.1,79.1,17.9,2.74,18.4,21.8,76.3,5.0,308.6,1011.6,0.0,350.0,486.1,0.642,0.599,215.57,357.63,373.3,23,7,0,9,-0.2588,0.9659,0.0,1.0,379,325,324,343.7,333.2,329.7,222.4,368.5
2026-09-08 00:00:00+00:00,Delhi,28.6139,77.209,404,254.0,426.7,72.0,16.3,2.5,19.1,20.5,82.8,3.1,302.5,1011.7,0.0,350.0,301.4,0.761,0.595,248.67,415.1,399.0,0,8,1,9,0.0,1.0,0.7818,0.6235,414,327,323,373.3,348.2,336.2,269.6,450.1
2026-09-08 01:00:00+00:00,Delhi,28.6139,77.209,444,298.7,504.4,57.6,18.6,2.0,16.0835,20.2,81.9,3.9,306.1,1011.3,0.0,350.0,379.2,0.723,0.592,274.1,460.4,420.7,1,8,1,9,0.2588,0.9659,0.7818,0.6235,404,379,321,399.0,361.7,342.8,254.0,426.7
2026-09-08 02:00:00+00:00,Delhi,28.6139,77.209,441,294.1,498.6,55.5,18.0,1.93,16.1,21.1,82.2,2.3,303.0,1010.9,0.0,350.0,223.6,0.789,0.59,282.27,476.57,429.7,2,8,1,9,0.5,0.866,0.7818,0.6235,444,414,325,420.7,382.2,351.9,298.7,504.4
2026-09-08 03:00:00+00:00,Delhi,28.6139,77.209,417,269.7,458.3,50.3,16.3,1.74,19.0,19.9,84.8,2.6,302.1,1010.3,0.0,350.0,252.8,0.795,0.588,287.5,487.1,434.0,3,8,1,9,0.7071,0.7071,0.7818,0.6235,441,404,327,429.7,401.5,362.2,294.1,498.6
2026-09-08 04:00:00+00:00,Delhi,28.6139,77.209,421,273.6,465.2,50.8,16.4,1.76,18.0,21.3,82.5,3.6,308.1,1009.9,0.0,350.0,350.0,0.739,0.588,279.13,474.03,426.3,4,8,1,9,0.866,0.5,0.7818,0.6235,417,444,379,434.0,416.5,370.2,269.7,458.3
2026-09-08 05:00:00+00:00,Delhi,28.6139,77.209,436,288.6,490.3,76.8,17.4,2.66,19.9,23.0,75.9,4.9,306.2,1009.5,0.0,350.0,476.4,0.643,0.589,277.3,471.27,424.7,5,8,1,9,0.9659,0.2588,0.7818,0.6235,421,441,414,426.3,423.5,378.3,273.6,465.2
2026-09-08 06:00:00+00:00,Delhi,28.6139,77.209,421,273.9,464.3,80.3,18.4,2.8,16.3,22.8,73.9,5.1,298.7,1009.3,0.0,350.0,495.8,0.622,0.59,278.7,473.27,426.0,6,8,1,9,1.0,0.0,0.7818,0.6235,436,417,404,424.7,427.2,387.7,288.6,490.3
2026-09-08 07:00:00+00:00,Delhi,28.6139,77.209,403,253.6,428.3,76.0,17.4,2.65,17.3,24.3,69.7,5.5,286.6,1009.5,0.0,481.6,735.8,0.578,0.592,272.03,460.97,420.0,7,8,1,9,0.9659,-0.2588,0.7818,0.6235,421,421,444,426.0,430.0,395.8,273.9,464.3
2026-09-08 08:00:00+00:00,Delhi,28.6139,77.209,357,194.2,326.3,99.6,17.3,3.51,29.2,27.3,64.2,7.4,289.6,1009.7,0.0,621.7,1277.9,0.465,0.595,240.57,406.3,393.7,8,8,1,9,0.866,-0.5,0.7818,0.6235,403,436,441,420.0,423.2,402.7,253.6,428.3
2026-09-08 09:00:00+00:00,Delhi,28.6139,77.209,342,173.9,290.3,92.3,16.1,3.25,37.6,28.3,60.2,9.1,278.7,1010.5,0.0,752.2,1901.4,0.371,0.599,207.23,348.3,367.3,9,8,1,9,0.7071,-0.7071,0.7818,0.6235,357,421,417,393.7,409.2,405.3,194.2,326.3
2026-09-08 10:00:00+00:00,Delhi,28.6139,77.209,340,171.5,284.2,94.6,16.5,3.33,48.0,29.4,53.6,8.9,280.5,1011.2,0.0,878.7,2172.3,0.335,0.603,179.87,300.27,346.3,10,8,1,9,0.5,-0.866,0.7818,0.6235,342,403,421,367.3,396.7,406.6,173.9,290.3
2026-09-08 11:00:00+00:00,Delhi,28.6139,77.209,342,174.6,287.1,74.2,17.4,2.62,60.4,31.4,47.7,11.3,272.4,1011.3,0.0,975.8,3062.9,0.199,0.608,173.33,287.2,341.3,11,8,1,9,0.2588,-0.9659,0.7818,0.6235,340,357,436,346.3,383.2,403.3,171.5,284.2
2026-09-08 12:00:00+00:00,Delhi,28.6139,77.209,329,158.1,257.7,69.8,16.4,2.46,63.8,31.8,47.1,11.5,276.6,1011.5,0.0,1001.7,3199.9,0.187,0.614,168.07,276.33,337.0,12,8,1,9,0.0,-1.0,0.7818,0.6235,342,342,421,341.3,367.5,397.3,174.6,287.1
2026-09-08 13:00:00+00:00,Delhi,28.6139,77.209,325,152.7,247.1,69.8,16.4,2.46,63.8,32.7,46.5,12.3,289.9,1011.6,0.0,983.2,3359.3,0.151,0.618,161.8,263.97,332.0,13,8,1,9,-0.2588,-0.9659,0.7818,0.6235,329,340,403,337.0,352.2,391.1,158.1,257.7
2026-09-08 14:00:00+00:00,Delhi,28.6139,77.209,322,149.0,239.6,70.0,16.4,2.47,61.8,32.0,44.8,11.4,274.2,1011.3,0.0,927.0,2935.5,0.176,0.622,153.27,248.13,325.3,14,8,1,9,-0.5,-0.866,0.7818,0.6235,325,342,357,332.0,339.2,381.2,152.7,247.1
2026-09-08 15:00:00+00:00,Delhi,28.6139,77.209,325,152.4,243.9,72.8,17.1,2.57,53.4,32.4,46.2,12.5,293.9,1010.7,0.0,814.9,2829.5,0.141,0.625,151.37,243.53,324.0,15,8,1,9,-0.7071,-0.7071,0.7818,0.6235,322,329,342,325.3,333.3,371.2,149.0,239.6
2026-09-08 16:00:00+00:00,Delhi,28.6139,77.209,326,153.6,245.5,73.8,17.3,2.6,41.3,30.9,48.8,12.1,282.8,1009.7,0.0,670.5,2253.6,0.175,0.626,151.67,243.0,324.3,16,8,1,9,-0.866,-0.5,0.7818,0.6235,325,325,340,324.0,330.5,363.6,152.4,243.9
2026-09-08 17:00:00+00:00,Delhi,28.6139,77.209,316,141.1,225.9,67.4,15.8,2.38,31.3,30.5,47.4,11.4,292.4,1009.4,0.0,518.2,1641.0,0.193,0.625,149.03,238.43,322.3,17,8,1,9,-0.9659,-0.2588,0.7818,0.6235,326,322,342,324.3,328.2,355.7,153.6,245.5
2026-09-08 18:00:00+00:00,Delhi,28.6139,77.209,323,149.1,239.7,101.5,16.5,3.58,18.9,28.7,55.2,9.2,293.4,1009.2,0.0,350.0,894.4,0.333,0.622,147.93,237.03,321.7,18,8,1,9,-1.0,-0.0,0.7818,0.6235,316,325,329,322.3,323.8,345.7,141.1,225.9
2026-09-08 19:00:00+00:00,Delhi,28.6139,77.209,330,159.4,257.9,105.6,17.1,3.72,18.7,28.5,59.2,7.8,289.9,1009.3,0.0,350.0,758.3,0.416,0.618,149.87,241.17,323.0,19,8,1,9,-0.9659,0.2588,0.7818,0.6235,323,326,325,321.7,322.8,337.5,149.1,239.7
2026-09-08 20:00:00+00:00,Delhi,28.6139,77.209,337,168.5,274.7,107.9,17.5,3.8,16.5,26.1,64.8,7.5,301.3,1009.8,0.0,350.0,729.2,0.465,0.613,159.0,257.43,330.0,20,8,1,9,-0.866,0.5,0.7818,0.6235,330,316,322,323.0,323.7,331.4,159.4,257.9
2026-09-08 21:00:00+00:00,Delhi,28.6139,77.209,328,156.0,256.4,96.1,15.6,3.39,17.6,24.8,68.1,6.7,305.3,1010.6,0.0,350.0,651.4,0.519,0.608,161.3,263.0,331.7,21,8,1,9,-0.7071,0.7071,0.7818,0.6235,337,323,325,330.0,326.2,329.8,168.5,274.7
2026-09-08 22:00:00+00:00,Delhi,28.6139,77.209,376,218.6,362.3,72.5,16.6,2.53,17.3,23.7,71.5,4.9,302.2,1010.9,0.0,350.0,476.4,0.614,0.603,181.03,297.8,347.0,22,8,1,9,-0.5,0.866,0.7818,0.6235,328,330,326,331.7,326.7,328.6,156.0,256.4
2026-09-08 23:00:00+00:00,Delhi,28.6139,77.209,410,263.6,440.1,77.4,17.5,2.68,19.3,21.5,79.4,3.7,307.1,1011.7,0.0,350.0,359.7,0.715,0.599,212.73,352.93,371.3,23,8,1,9,-0.2588,0.9659,0.7818,0.6235,376,337,316,347.0,335.0,331.6,218.6,362.3
2026-09-02 00:00:00+00:00,Faridabad,28.4089,77.3178,438,290.7,494.0,80.5,22.4,2.86,16.0,20.8,80.2,4.2,312.4,1011.4,0.0,350.0,408.3,0.7,0.588,290.7,494.0,438.0,0,2,2,9,0.0,1.0,0.9749,-0.2225,438,438,438,438.0,438.0,438.0,290.7,494.0
2026-09-02 01:00:00+00:00,Faridabad,28.4089,77.3178,419,269.4,460.2,50.7835,20.2,1.81,19.5,20.5,82.2,3.9,312.7,1011.8,0.0,350.0,379.2,0.725,0.585,280.05,477.1,428.5,1,2,2,9,0.2588,0.9659,0.9749,-0.2225,438,438,438,438.0,438.0,438.0,290.7,494.0
2026-09-02 02:00:00+00:00,Faridabad,28.4089,77.3178,439,289.4,496.1,53.4,21.3,1.9,19.5,20.7,82.7,2.8,317.5,1010.9,0.0,350.0,272.2,0.773,0.583,283.17,483.43,432.0,2,2,2,9,0.5,0.866,0.9749,-0.2225,419,438,438,428.5,428.5,428.5,269.4,460.2
2026-09-02 03:00:00+00:00,Faridabad,28.4089,77.3178,430,279.0,479.4,50.8,20.2,1.81,17.0,20.8,81.8,3.2,304.8,1010.8,0.0,350.0,311.1,0.751,0.582,279.27,478.57,429.3,3,2,2,9,0.7071,0.7071,0.9749,-0.2225,439,438,438,432.0,432.0,432.0,289.4,496.1
2026-09-02 04:00:00+00:00,Faridabad,28.4089,77.3178,447,296.3,509.5,53.7,21.4,1.91,18.5,21.4,80.5,3.4,295.6,1009.8,0.0,350.0,330.6,0.734,0.582,288.23,495.0,438.7,4,2,2,9,0.866,0.5,0.9749,-0.2225,430,419,438,429.3,431.5,431.5,279.0,479.4
2026-09-02 05:00:00+00:00,Faridabad,28.4089,77.3178,471,320.4,550.6,83.3,23.2,2.96,19.6,21.8,80.5,4.3,305.1,1009.5,0.0,350.0,418.1,0.698,0.582,298.57,513.17,449.3,5,2,2,9,0.9659,0.2588,0.9749,-0.2225,447,439,438,438.7,434.6,434.6,296.3,509.5
2026-09-02 06:00:00+00:00,Faridabad,28.4089,77.3178,434,284.3,487.4,81.4,23.0,2.91,18.6,24.0,71.6,5.4,290.6,1009.1,0.0,350.0,525.0,0.595,0.583,300.33,515.83,450.7,6,2,2,9,1.0,0.0,0.9749,-0.2225,471,430,438,449.3,440.7,440.7,320.4,550.6
2026-09-02 07:00:00+00:00,Faridabad,28.4089,77.3178,356,192.5,328.8,69.4,20.1,2.51,17.0,24.3,68.6,7.3,293.4,1009.5,0.0,483.4,980.2,0.499,0.585,265.73,455.6,420.3,7,2,2,9,0.9659,-0.2588,0.9749,-0.2225,434,447,419,450.7,440.0,439.7,284.3,487.4
2026-09-02 08:00:00+00:00,Faridabad,28.4089,77.3178,351,186.5,316.9,93.4,20.0,3.38,26.0,25.9,66.4,8.3,284.1,1009.9,0.0,614.7,1417.2,0.444,0.589,221.1,377.7,380.3,8,2,2,9,0.866,-0.5,0.9749,-0.2225,356,471,439,420.3,429.5,429.2,192.5,328.8
2026-09-02 09:00:00+00:00,Faridabad,28.4089,77.3178,354,189.8,320.4,98.4,21.1,3.56,36.7,28.1,60.3,9.4,280.6,1010.6,0.0,751.7,1962.8,0.359,0.592,189.6,322.03,353.7,9,2,2,9,0.7071,-0.7071,0.9749,-0.2225,351,434,430,380.3,414.8,420.6,186.5,316.9
2026-09-02 10:00:00+00:00,Faridabad,28.4089,77.3178,344,176.7,296.1,95.1,20.4,3.44,48.3,30.3,56.4,9.0,290.7,1011.4,0.0,863.4,2158.5,0.349,0.597,184.33,311.13,349.7,10,2,2,9,0.5,-0.866,0.9749,-0.2225,354,356,447,353.7,402.2,413.9,189.8,320.4
2026-09-02 11:00:00+00:00,Faridabad,28.4089,77.3178,348,182.4,303.1,75.7,21.9,2.74,60.5,31.5,47.9,10.3,288.1,1011.7,0.0,974.6,2788.4,0.241,0.602,182.97,306.53,348.7,11,2,2,9,0.2588,-0.9659,0.9749,-0.2225,344,351,471,349.7,385.0,407.5,176.7,296.1
2026-09-02 12:00:00+00:00,Faridabad,28.4089,77.3178,346,180.0,296.8,77.6,22.5,2.81,62.8,31.6,46.2,11.3,288.7,1011.9,0.0,1007.4,3162.1,0.189,0.606,179.7,298.67,346.0,12,2,2,9,0.0,-1.0,0.9749,-0.2225,348,354,434,348.7,364.5,402.6,182.4,303.1
2026-09-02 13:00:00+00:00,Faridabad,28.4089,77.3178,328,156.6,256.3,69.9,20.2,2.53,65.933,32.7,42.7,11.2,285.8,1011.6,0.0,1006.4,3131.0,0.17,0.611,173.0,285.4,340.7,13,2,2,9,-0.2588,-0.9659,0.9749,-0.2225,346,344,356,346.0,349.8,394.9,180.0,296.8
2026-09-02 14:00:00+00:00,Faridabad,28.4089,77.3178,329,157.8,256.5,72.3,20.9,2.62,62.0,32.1,42.7,12.4,279.2,1011.2,0.0,938.5,3232.6,0.122,0.615,164.8,269.87,334.3,14,2,2,9,-0.5,-0.866,0.9749,-0.2225,328,348,351,340.7,345.2,387.3,156.6,256.3
2026-09-02 15:00:00+00:00,Faridabad,28.4089,77.3178,321,146.6,237.4,68.4,19.8,2.47,51.9,32.5,45.7,11.6,291.4,1010.5,0.0,817.1,2632.9,0.174,0.618,153.67,250.07,326.0,15,2,2,9,-0.7071,-0.7071,0.9749,-0.2225,329,346,354,334.3,341.5,378.2,157.8,256.5
2026-09-02 16:00:00+00:00,Faridabad,28.4089,77.3178,331,160.7,259.8,75.4,21.8,2.73,44.3,30.9,48.0,10.4,282.9,1009.8,0.0,673.0,1944.2,0.237,0.619,155.03,251.23,327.0,16,2,2,9,-0.866,-0.5,0.9749,-0.2225,321,328,344,326.0,336.0,369.1,146.6,237.4
2026-09-02 17:00:00+00:00,Faridabad,28.4089,77.3178,327,155.4,251.6,72.5,21.0,2.62,30.0,31.2,47.7,11.5,300.8,1009.7,0.0,517.7,1653.8,0.191,0.618,154.23,249.6,326.3,17,2,2,9,-0.9659,-0.2588,0.9749,-0.2225,331,329,348,327.0,333.8,359.4,160.7,259.8
2026-09-02 18:00:00+00:00,Faridabad,28.4089,77.3178,327,155.3,252.5,103.3,20.6,3.73,17.3,29.4,52.7,9.6,285.8,1009.4,0.0,350.0,933.3,0.301,0.615,157.13,254.63,328.3,18,2,2,9,-1.0,-0.0,0.9749,-0.2225,327,321,346,326.3,330.3,347.4,155.4,251.6
2026-09-02 19:00:00+00:00,Faridabad,28.4089,77.3178,339,170.2,278.4,110.1,22.0,3.98,18.1,28.2,60.0,8.9,299.4,1009.7,0.0,350.0,865.3,0.377,0.611,160.3,260.83,331.0,19,2,2,9,-0.9659,0.2588,0.9749,-0.2225,327,331,328,328.3,327.2,338.5,155.3,252.5
2026-09-02 20:00:00+00:00,Faridabad,28.4089,77.3178,335,165.5,272.9,103.5,20.6,3.74,18.9,26.4,65.6,6.6,312.4,1009.9,0.0,350.0,641.7,0.507,0.606,163.67,267.93,333.7,20,2,2,9,-0.866,0.5,0.9749,-0.2225,339,327,329,331.0,329.0,337.1,170.2,278.4
2026-09-02 21:00:00+00:00,Faridabad,28.4089,77.3178,340,172.1,286.0,103.6,20.7,3.74,17.2,25.0,69.3,6.6,296.6,1010.4,0.0,350.0,641.7,0.531,0.602,169.27,279.1,338.0,21,2,2,9,-0.7071,0.7071,0.9749,-0.2225,335,327,321,333.7,330.0,335.8,165.5,272.9
2026-09-02 22:00:00+00:00,Faridabad,28.4089,77.3178,390,237.2,397.6,76.8,21.7,2.74,16.6,24.0,73.8,5.1,310.3,1010.8,0.0,350.0,495.8,0.621,0.597,191.6,318.83,355.0,22,2,2,9,-0.5,0.866,0.9749,-0.2225,340,339,331,338.0,333.2,334.6,172.1,286.0
2026-09-02 23:00:00+00:00,Faridabad,28.4089,77.3178,439,293.4,495.3,84.0,23.4,2.99,18.8,22.8,77.9,4.8,301.8,1011.7,0.0,350.0,466.7,0.661,0.592,234.23,392.97,389.7,23,2,2,9,-0.2588,0.9659,0.9749,-0.2225,390,335,327,355.0,343.0,338.4,237.2,397.6
2026-09-03 00:00:00+00:00,Faridabad,28.4089,77.3178,441,293.3,498.5,81.2,22.6,2.89,16.8,20.7,80.9,3.5,303.6,1011.8,0.0,350.0,340.3,0.733,0.588,274.63,463.8,423.3,0,3,3,9,0.0,1.0,0.4339,-0.901,439,340,327,389.7,361.7,346.0,293.4,495.3
2026-09-03 01:00:00+00:00,Faridabad,28.4089,77.3178,451,302.1,516.0,56.9,22.7,2.02,16.5,20.6,82.1,3.5,317.6,1011.7,0.0,350.0,340.3,0.741,0.585,296.27,503.27,443.7,1,3,3,9,0.2588,0.9659,0.4339,-0.901,441,390,339,423.3,380.7,353.9,293.3,498.5
2026-09-03 02:00:00+00:00,Faridabad,28.4089,77.3178,462,312.1,535.0,57.5,22.9,2.05,18.0,19.9,83.7,2.7,308.5,1011.0,0.0,350.0,262.5,0.783,0.583,302.5,516.5,451.3,2,3,3,9,0.5,0.866,0.4339,-0.901,451,439,335,443.7,399.3,364.2,302.1,516.0
2026-09-03 03:00:00+00:00,Faridabad,28.4089,77.3178,456,305.3,524.6,55.6,22.1,1.98,18.6,21.4,82.7,2.9,311.0,1010.7,0.0,350.0,281.9,0.769,0.582,306.5,525.2,456.3,3,3,3,9,0.7071,0.7071,0.4339,-0.901,462,441,340,451.3,420.5,375.2,312.1,535.0
2026-09-03 04:00:00+00:00,Faridabad,28.4089,77.3178,445,294.2,506.0,53.3,21.2,1.9,19.1,20.7,83.2,3.0,306.7,1009.9,0.0,350.0,291.7,0.768,0.581,303.87,521.87,454.3,4,3,3,9,0.866,0.5,0.4339,-0.901,456,451,390,456.3,439.8,386.5,305.3,524.6
2026-09-03 05:00:00+00:00,Faridabad,28.4089,77.3178,459,308.1,529.3,80.1,22.3,2.85,17.0,22.2,78.8,3.6,291.5,1009.3,0.0,350.0,350.0,0.715,0.582,302.53,519.97,453.3,5,3,3,9,0.9659,0.2588,0.4339,-0.901,445,462,439,454.3,449.0,396.0,294.2,506.0
2026-09-03 06:00:00+00:00,Faridabad,28.4089,77.3178,436,285.7,489.8,75.2,21.0,2.68,18.4,23.4,75.8,5.3,285.1,1009.5,0.0,350.0,515.3,0.627,0.583,296.0,508.37,446.7,6,3,3,9,1.0,0.0,0.4339,-0.901,459,456,441,453.3,452.3,407.0,308.1,529.3
2026-09-03 07:00:00+00:00,Faridabad,28.4089,77.3178,413,263.7,450.4,77.1,21.8,2.76,18.5,24.9,68.7,5.5,293.1,1009.3,0.0,483.3,738.4,0.571,0.585,285.83,489.83,436.0,7,3,3,9,0.9659,-0.2588,0.4339,-0.901,436,445,451,446.7,451.5,416.1,285.7,489.8
2026-09-03 08:00:00+00:00,Faridabad,28.4089,77.3178,347,181.1,307.8,90.7,19.4,3.28,29.0,26.6,65.6,6.6,280.5,1010.0,0.0,617.3,1131.7,0.507,0.588,243.5,416.0,398.7,8,3,3,9,0.866,-0.5,0.4339,-0.901,413,459,462,436.0,445.2,422.2,263.7,450.4
2026-09-03 09:00:00+00:00,Faridabad,28.4089,77.3178,351,186.6,315.0,96.7,20.7,3.5,36.8,28.3,60.5,8.3,292.8,1010.2,0.0,750.8,1731.0,0.405,0.592,210.47,357.73,370.3,9,3,3,9,0.7071,-0.7071,0.4339,-0.901,347,436,456,398.7,426.0,423.2,181.1,307.8
2026-09-03 10:00:00+00:00,Faridabad,28.4089,77.3178,341,172.6,289.3,93.0,19.9,3.36,48.7,29.8,54.6,10.1,283.9,1011.3,0.0,873.3,2450.1,0.293,0.597,180.1,304.03,346.3,10,3,3,9,0.5,-0.866,0.4339,-0.901,351,413,445,370.3,408.5,424.2,186.6,315.0
2026-09-03 11:00:00+00:00,Faridabad,28.4089,77.3178,340,171.5,285.2,71.2,20.6,2.57,54.9,30.9,52.0,9.9,276.5,1011.5,0.0,949.5,2611.1,0.284,0.601,176.9,296.5,344.0,11,3,3,9,0.2588,-0.9659,0.4339,-0.901,341,347,459,346.3,391.2,420.1,172.6,289.3
2026-09-03 12:00:00+00:00,Faridabad,28.4089,77.3178,333,162.3,267.5,70.0,20.2,2.53,63.3,31.6,46.9,11.0,272.7,1011.8,0.0,1003.0,3064.7,0.206,0.607,168.8,280.67,338.0,12,3,3,9,0.0,-1.0,0.4339,-0.901,340,351,436,344.0,371.3,411.8,171.5,285.2
2026-09-03 13:00:00+00:00,Faridabad,28.4089,77.3178,336,166.1,271.7,74.1,21.4,2.68,65.9,32.3,45.7,12.1,272.7,1011.7,0.0,988.1,3321.1,0.154,0.611,166.63,274.8,336.3,13,3,3,9,-0.2588,-0.9659,0.4339,-0.901,333,341,413,338.0,354.2,402.8,162.3,267.5
2026-09-03 14:00:00+00:00,Faridabad,28.4089,77.3178,332,161.1,261.9,73.9,21.4,2.67,60.0,32.5,44.9,12.9,291.7,1011.0,0.0,926.5,3320.0,0.117,0.615,163.17,267.03,333.7,14,3,3,9,-0.5,-0.866,0.4339,-0.901,336,340,347,336.3,341.3,393.2,166.1,271.7
2026-09-03 15:00:00+00:00,Faridabad,28.4089,77.3178,328,156.1,252.8,72.8,21.1,2.63,52.9,32.3,47.2,11.6,277.0,1010.5,0.0,810.4,2611.3,0.184,0.617,161.1,262.13,332.0,15,3,3,9,-0.7071,-0.7071,0.4339,-0.901,332,333,351,333.7,338.8,382.4,161.1,261.9
2026-09-03 16:00:00+00:00,Faridabad,28.4089,77.3178,317,142.4,230.2,66.8,19.3,2.42,41.4,31.7,45.1,11.6,291.7,1010.2,0.0,682.2,2198.2,0.17,0.619,153.2,248.3,325.7,16,3,3,9,-0.866,-0.5,0.4339,-0.901,328,336,341,332.0,335.0,371.8,156.1,252.8
2026-09-03 17:00:00+00:00,Faridabad,28.4089,77.3178,326,153.5,248.5,71.6,20.7,2.59,30.0,30.9,47.9,11.4,297.1,1009.8,0.0,517.4,1638.4,0.197,0.618,150.67,243.83,323.7,17,3,3,9,-0.9659,-0.2588,0.4339,-0.901,317,332,340,325.7,331.0,361.1,142.4,230.2
2026-09-03 18:00:00+00:00,Faridabad,28.4089,77.3178,335,165.7,269.4,110.2,22.0,3.98,17.2,29.6,54.7,8.8,289.0,1009.2,0.0,350.0,855.6,0.346,0.615,153.87,249.37,326.0,18,3,3,9,-1.0,-0.0,0.4339,-0.901,326,328,333,323.7,328.7,350.0,153.5,248.5
2026-09-03 19:00:00+00:00,Faridabad,28.4089,77.3178,337,168.5,275.7,109.0,21.8,3.94,18.5,28.1,57.9,7.7,302.6,1009.4,0.0,350.0,748.6,0.411,0.611,162.57,264.53,332.7,19,3,3,9,-0.9659,0.2588,0.4339,-0.901,335,317,336,326.0,329.0,341.6,165.7,269.4
2026-09-03 20:00:00+00:00,Faridabad,28.4089,77.3178,346,179.6,296.0,111.131,22.4,4.018249999999999,19.2,25.7,62.4,7.2,299.3,1010.0,0.0,350.0,700.0,0.461,0.607,171.27,280.37,339.3,20,3,3,9,-0.866,0.5,0.4339,-0.901,337,326,332,332.7,329.2,335.2,168.5,275.7
2026-09-03 21:00:00+00:00,Faridabad,28.4089,77.3178,339,170.3,283.1,102.5,20.4,3.71,19.1,25.2,69.1,6.6,313.4,1010.5,0.0,350.0,641.7,0.53,0.602,172.8,284.93,340.7,21,3,3,9,-0.7071,0.7071,0.4339,-0.901,346,335,328,339.3,331.5,335.2,179.6,296.0
2026-09-03 22:00:00+00:00,Faridabad,28.4089,77.3178,405,256.1,429.2,76.2,21.3,2.71,18.1,23.4,75.2,5.9,304.0,1011.2,0.0,350.0,573.6,0.599,0.597,202.0,336.1,363.3,22,3,3,9,-0.5,0.866,0.4339,-0.901,339,337,317,340.7,333.3,334.2,170.3,283.1
2026-09-03 23:00:00+00:00,Faridabad,28.4089,77.3178,440,294.7,497.6,84.4,23.5,3.0,17.1,21.8,79.1,4.9,317.2,1011.5,0.0,350.0,476.4,0.665,0.592,240.37,403.3,394.7,23,3,3,9,-0.2588,0.9659,0.4339,-0.901,405,346,326,363.3,348.0,339.5,256.1,429.2
2026-09-04 00:00:00+00:00,Faridabad,28.4089,77.3178,426,278.7,473.5,77.2,21.5,2.74,18.4,20.6,83.7,3.9,316.8,1011.7,0.0,350.0,379.2,0.735,0.589,276.5,466.77,423.7,0,4,4,9,0.0,1.0,-0.4339,-0.901,440,339,335,394.7,367.0,347.8,294.7,497.6
2026-09-04 01:00:00+00:00,Faridabad,28.4089,77.3178,437,287.9,491.7,54.2,21.6,1.93,18.0,21.3,84.6,3.6,305.8,1011.3,0.0,350.0,350.0,0.753,0.586,287.1,487.6,434.3,1,4,4,9,0.2588,0.9659,-0.4339,-0.901,426,405,337,423.7,382.2,355.6,278.7,473.5
2026-09-04 02:00:00+00:00,Faridabad,28.4089,77.3178,430,279.7,479.5,51.6,20.5,1.83,19.1,20.1,83.8,3.9,302.3,1011.0,0.0,350.0,379.2,0.736,0.583,282.1,481.57,431.0,2,4,4,9,0.5,0.866,-0.4339,-0.901,437,440,346,434.3,398.8,364.0,287.9,491.7
2026-09-04 03:00:00+00:00,Faridabad,28.4089,77.3178,453,302.1,519.1,55.0,21.9,1.96,16.8,21.1,85.4,3.0,296.1,1010.5,0.0,350.0,291.7,0.783,0.582,289.9,496.77,440.0,3,4,4,9,0.7071,0.7071,-0.4339,-0.901,430,426,339,431.0,412.8,372.2,279.7,479.5
2026-09-04 04:00:00+00:00,Faridabad,28.4089,77.3178,473,321.5,552.9,58.2,23.2,2.07,19.3,22.0,82.5,3.7,308.0,1009.7,0.0,350.0,359.7,0.735,0.581,301.1,517.17,452.0,4,4,4,9,0.866,0.5,-0.4339,-0.901,453,437,405,440.0,431.8,382.6,302.1,519.1
2026-09-04 05:00:00+00:00,Faridabad,28.4089,77.3178,463,312.5,536.9,81.2,22.6,2.89,18.1,23.0,79.0,3.6,303.4,1009.4,0.0,350.0,350.0,0.716,0.582,312.03,536.3,463.0,5,4,4,9,0.9659,0.2588,-0.4339,-0.901,473,430,440,452.0,443.2,395.6,321.5,552.9
2026-09-04 06:00:00+00:00,Faridabad,28.4089,77.3178,447,296.6,508.5,78.1,21.8,2.78,16.2,22.7,76.2,5.6,296.9,1009.1,0.0,350.0,544.4,0.617,0.583,310.2,532.77,461.0,6,4,4,9,1.0,0.0,-0.4339,-0.901,463,453,426,463.0,447.0,407.0,312.5,536.9
2026-09-04 07:00:00+00:00,Faridabad,28.4089,77.3178,372,213.9,365.4,77.2,22.3,2.79,17.3,25.0,70.0,6.0,292.7,1009.3,0.0,481.1,801.8,0.56,0.585,274.33,470.27,427.3,7,4,4,9,0.9659,-0.2588,-0.4339,-0.901,447,473,437,461.0,450.5,416.3,296.6,508.5
2026-09-04 08:00:00+00:00,Faridabad,28.4089,77.3178,350,184.7,313.8,92.5,19.8,3.34,27.1,26.0,62.9,7.1,286.3,1009.7,0.0,625.8,1234.2,0.469,0.589,231.73,395.9,389.7,8,4,4,9,0.866,-0.5,-0.4339,-0.901,372,463,430,427.3,439.7,419.2,213.9,365.4
2026-09-04 09:00:00+00:00,Faridabad,28.4089,77.3178,349,183.6,309.9,95.2,20.4,3.44,37.0,27.3,59.4,8.7,278.5,1010.4,0.0,755.7,1826.3,0.381,0.592,194.07,329.7,357.0,9,4,4,9,0.7071,-0.7071,-0.4339,-0.901,350,447,453,389.7,426.3,419.6,184.7,313.8
2026-09-04 10:00:00+00:00,Faridabad,28.4089,77.3178,344,177.3,297.1,95.5,20.5,3.45,49.5,29.8,52.9,9.2,273.4,1011.2,0.0,882.6,2255.5,0.318,0.597,181.87,306.93,347.7,10,4,4,9,0.5,-0.866,-0.4339,-0.901,349,372,473,357.0,409.0,420.4,183.6,309.9
2026-09-04 11:00:00+00:00,Faridabad,28.4089,77.3178,341,172.9,287.4,71.7,20.8,2.59,56.7,30.2,49.7,11.0,272.6,1011.3,0.0,963.6,2944.3,0.225,0.602,177.93,298.13,344.7,11,4,4,9,0.2588,-0.9659,-0.4339,-0.901,344,350,463,347.7,387.5,415.3,177.3,297.1
2026-09-04 12:00:00+00:00,Faridabad,28.4089,77.3178,333,163.3,269.2,70.4,20.4,2.55,64.4,31.8,47.1,12.1,284.0,1011.8,0.0,1001.7,3366.8,0.163,0.607,171.17,284.57,339.3,12,4,4,9,0.0,-1.0,-0.4339,-0.901,341,349,447,344.7,367.2,407.1,172.9,287.4
2026-09-04 13:00:00+00:00,Faridabad,28.4089,77.3178,332,161.8,264.7,72.2,20.9,2.61,62.6,32.6,45.5,11.9,290.0,1011.7,0.0,989.3,3270.2,0.161,0.611,166.0,273.77,335.3,13,4,4,9,-0.2588,-0.9659,-0.4339,-0.901,333,344,372,339.3,348.2,399.3,163.3,269.2
2026-09-04 14:00:00+00:00,Faridabad,28.4089,77.3178,334,163.7,266.1,75.0,21.7,2.71,59.9,33.0,46.1,11.9,281.1,1011.2,0.0,919.9,3040.8,0.165,0.615,162.93,266.67,333.0,14,4,4,9,-0.5,-0.866,-0.4339,-0.901,332,341,350,335.3,341.5,390.6,161.8,264.7
2026-09-04 15:00:00+00:00,Faridabad,28.4089,77.3178,325,152.9,247.6,71.3,20.6,2.58,55.0,31.9,43.3,12.6,286.7,1010.7,0.0,827.8,2897.3,0.118,0.618,159.47,259.47,330.3,15,4,4,9,-0.7071,-0.7071,-0.4339,-0.901,334,333,349,333.0,338.8,382.6,163.7,266.1
2026-09-04 16:00:00+00:00,Faridabad,28.4089,77.3178,326,154.1,249.1,72.3,20.9,2.61,41.7,32.0,48.1,12.2,286.6,1009.6,0.0,672.7,2279.7,0.166,0.619,156.9,254.27,328.3,16,4,4,9,-0.866,-0.5,-0.4339,-0.901,325,332,344,330.3,334.8,371.9,152.9,247.6
2026-09-04 17:00:00+00:00,Faridabad,28.4089,77.3178,320,145.7,236.0,68.0,19.7,2.46,31.9,30.7,48.2,11.2,293.2,1009.2,0.0,516.9,1608.1,0.207,0.617,150.9,244.23,323.7,17,4,4,9,-0.9659,-0.2588,-0.4339,-0.901,326,334,341,328.3,331.8,359.7,154.1,249.1
2026-09-04 18:00:00+00:00,Faridabad,28.4089,77.3178,328,155.8,253.4,103.6,20.7,3.75,17.7,30.0,53.1,10.0,300.8,1009.3,0.0,350.0,972.2,0.287,0.615,151.87,246.17,324.7,18,4,4,9,-1.0,-0.0,-0.4339,-0.901,320,325,333,323.7,328.3,347.8,145.7,236.0
2026-09-04 19:00:00+00:00,Faridabad,28.4089,77.3178,339,170.9,279.5,110.6,22.1,4.0,18.4,28.2,59.1,9.6,296.6,1009.4,0.0,350.0,933.3,0.343,0.611,157.47,256.3,329.0,19,4,4,9,-0.9659,0.2588,-0.4339,-0.901,328,326,332,324.7,327.5,337.8,155.8,253.4
2026-09-04 20:00:00+00:00,Faridabad,28.4089,77.3178,341,172.7,284.8,108.0,21.5,3.91,16.3,27.0,63.7,8.1,303.4,1009.7,0.0,350.0,787.5,0.434,0.606,166.47,272.57,336.0,20,4,4,9,-0.866,0.5,-0.4339,-0.901,339,320,334,329.0,328.7,335.1,170.9,279.5
2026-09-04 21:00:00+00:00,Faridabad,28.4089,77.3178,344,176.5,293.4,106.2,21.2,3.84,19.3,25.6,69.5,6.3,307.4,1010.5,0.0,350.0,612.5,0.545,0.602,173.37,285.9,341.3,21,4,4,9,-0.7071,0.7071,-0.4339,-0.901,341,328,325,336.0,329.8,334.3,172.7,284.8
2026-09-04 22:00:00+00:00,Faridabad,28.4089,77.3178,419,275.4,461.5,81.9,22.9,2.92,17.5,23.0,76.3,4.4,300.2,1011.3,0.0,350.0,427.8,0.666,0.597,208.2,346.57,368.0,22,4,4,9,-0.5,0.866,-0.4339,-0.901,344,339,326,341.3,333.0,333.9,176.5,293.4
2026-09-04 23:00:00+00:00,Faridabad,28.4089,77.3178,437,291.8,492.7,83.6,23.3,2.97,18.5,22.2,78.9,3.5,315.8,1011.8,0.0,350.0,340.3,0.719,0.592,247.9,415.87,400.0,23,4,4,9,-0.2588,0.9659,-0.4339,-0.901,419,341,320,368.0,348.5,340.2,275.4,461.5
2026-09-05 00:00:00+00:00,Faridabad,28.4089,77.3178,435,287.2,488.1,79.5,22.2,2.83,16.8,20.5,79.6,2.9,310.6,1011.6,0.0,350.0,281.9,0.748,0.588,284.8,480.77,430.3,0,5,5,9,0.0,1.0,-0.9749,-0.2225,437,344,328,400.0,368.0,348.2,291.8,492.7
2026-09-05 01:00:00+00:00,Faridabad,28.4089,77.3178,461,312.6,533.9,58.9,23.5,2.09,17.7,21.0,82.4,3.3,317.8,1011.4,0.0,350.0,320.8,0.751,0.586,297.2,504.9,444.3,1,5,5,9,0.2588,0.9659,-0.9749,-0.2225,435,419,339,430.3,385.8,356.7,287.2,488.1
2026-09-05 02:00:00+00:00,Faridabad,28.4089,77.3178,444,293.6,503.4,54.1,21.6,1.93,16.5,21.3,83.2,2.2,298.2,1011.4,0.0,350.0,213.9,0.8,0.583,297.8,508.47,446.7,2,5,5,9,0.5,0.866,-0.9749,-0.2225,461,437,341,444.3,406.2,367.4,312.6,533.9
2026-09-05 03:00:00+00:00,Faridabad,28.4089,77.3178,468,317.6,545.8,57.8,23.0,2.06,17.4,20.4,82.7,3.3,296.7,1010.6,0.0,350.0,320.8,0.753,0.582,307.93,527.7,457.7,3,5,5,9,0.7071,0.7071,-0.9749,-0.2225,444,435,344,446.7,423.3,376.6,293.6,503.4
2026-09-05 04:00:00+00:00,Faridabad,28.4089,77.3178,446,294.7,506.7,53.4,21.3,1.9,17.5,21.9,83.1,3.1,306.5,1009.8,0.0,350.0,301.4,0.763,0.582,301.97,518.63,452.7,4,5,5,9,0.866,0.5,-0.9749,-0.2225,468,461,419,457.7,444.0,388.5,317.6,545.8
2026-09-05 05:00:00+00:00,Faridabad,28.4089,77.3178,447,296.6,509.6,77.1,21.5,2.74,19.7,22.1,78.4,4.6,298.4,1009.3,0.0,350.0,447.2,0.672,0.582,302.97,520.7,453.7,5,5,5,9,0.9659,0.2588,-0.9749,-0.2225,446,444,437,452.7,448.5,398.5,294.7,506.7
2026-09-05 06:00:00+00:00,Faridabad,28.4089,77.3178,355,191.6,328.4,67.6,19.6,2.45,16.1,24.0,72.3,6.2,298.4,1009.1,0.0,350.0,602.8,0.567,0.583,260.97,448.23,416.0,6,5,5,9,1.0,0.0,-0.9749,-0.2225,447,468,435,453.7,450.2,409.1,296.6,509.6
2026-09-05 07:00:00+00:00,Faridabad,28.4089,77.3178,366,205.9,351.6,74.3,21.5,2.68,17.7,25.3,69.1,6.2,300.9,1009.2,0.0,482.6,831.1,0.546,0.586,231.37,396.53,389.3,7,5,5,9,0.9659,-0.2588,-0.9749,-0.2225,355,446,461,416.0,436.8,411.3,191.6,328.4
2026-09-05 08:00:00+00:00,Faridabad,28.4089,77.3178,358,195.9,333.0,98.2,21.0,3.55,27.8,26.4,65.4,7.7,286.0,1009.7,0.0,617.9,1321.6,0.461,0.588,197.8,337.67,359.7,8,5,5,9,0.866,-0.5,-0.9749,-0.2225,366,447,444,389.3,421.0,413.6,205.9,351.6
2026-09-05 09:00:00+00:00,Faridabad,28.4089,77.3178,361,199.6,336.9,103.4,22.2,3.74,37.9,28.0,58.1,8.0,286.5,1010.5,0.0,761.6,1692.4,0.401,0.592,200.47,340.5,361.7,9,5,5,9,0.7071,-0.7071,-0.9749,-0.2225,358,355,468,359.7,406.7,415.0,195.9,333.0
2026-09-05 10:00:00+00:00,Faridabad,28.4089,77.3178,349,184.0,308.3,99.1,21.2,3.58,50.2,29.5,53.6,9.8,279.3,1011.4,0.0,878.7,2392.0,0.299,0.597,193.17,326.07,356.0,10,5,5,9,0.5,-0.866,-0.9749,-0.2225,361,366,446,361.7,388.8,416.4,199.6,336.9
2026-09-05 11:00:00+00:00,Faridabad,28.4089,77.3178,353,188.5,313.3,78.2,22.6,2.83,59.8,30.1,49.8,11.1,273.4,1011.7,0.0,963.0,2969.2,0.221,0.602,190.7,319.5,354.3,11,5,5,9,0.2588,-0.9659,-0.9749,-0.2225,349,358,447,356.0,372.7,410.6,184.0,308.3
2026-09-05 12:00:00+00:00,Faridabad,28.4089,77.3178,337,167.6,276.3,72.3,20.9,2.61,64.4,32.1,46.5,10.6,287.8,1011.5,0.0,1005.5,2960.6,0.219,0.607,180.03,299.3,346.3,12,5,5,9,0.0,-1.0,-0.9749,-0.2225,353,361,355,354.3,357.0,403.6,188.5,313.3
2026-09-05 13:00:00+00:00,Faridabad,28.4089,77.3178,324,151.1,247.1,67.4,19.5,2.44,65.3,33.0,42.6,12.1,286.5,1011.4,0.0,1007.0,3384.6,0.133,0.611,169.07,278.9,338.0,13,5,5,9,-0.2588,-0.9659,-0.9749,-0.2225,337,349,366,346.3,354.0,395.4,167.6,276.3
2026-09-05 14:00:00+00:00,Faridabad,28.4089,77.3178,328,156.4,254.2,71.7,20.7,2.59,63.2,32.9,43.8,12.0,281.4,1011.2,0.0,932.5,3108.3,0.145,0.615,158.37,259.2,329.7,14,5,5,9,-0.5,-0.866,-0.9749,-0.2225,324,353,358,338.0,347.0,384.0,151.1,247.1
2026-09-05 15:00:00+00:00,Faridabad,28.4089,77.3178,332,161.3,261.1,75.2,21.8,2.72,54.3,32.8,43.6,10.9,292.9,1010.6,0.0,826.5,2502.5,0.188,0.618,156.27,254.13,328.0,15,5,5,9,-0.7071,-0.7071,-0.9749,-0.2225,328,337,361,329.7,342.0,374.3,156.4,254.2
2026-09-05 16:00:00+00:00,Faridabad,28.4089,77.3178,112,64.1,103.6,66.0,20.2,2.45,42.0,31.0,46.5,10.7,278.5,1010.2,3.3,677.8,2014.6,0.215,0.619,127.27,206.3,257.3,16,5,5,9,-0.866,-0.5,-0.9749,-0.2225,332,324,349,328.0,337.2,363.0,161.3,261.1
2026-09-05 17:00:00+00:00,Faridabad,28.4089,77.3178,260,108.3,175.3,72.0,21.5,2.64,28.4,30.1,49.9,11.4,286.7,1009.2,1.9,514.1,1628.0,0.21,0.618,111.23,180.0,234.7,17,5,5,9,-0.9659,-0.2588,-0.9749,-0.2225,112,328,353,257.3,297.7,335.2,64.1,103.6
2026-09-05 18:00:00+00:00,Faridabad,28.4089,77.3178,117,63.7205,103.0885,90.3,19.267,3.35,18.8,28.9,52.4,9.9,288.0,1009.3,3.3,350.0,962.5,0.287,0.618,78.71,127.33,163.0,18,5,5,9,-1.0,-0.0,-0.9749,-0.2225,260,332,337,234.7,282.2,319.6,108.3,175.3
2026-09-05 19:00:00+00:00,Faridabad,28.4089,77.3178,303,123.9,202.7,106.7,21.8,3.9,16.6,28.0,60.3,9.4,295.7,1009.2,1.6,350.0,913.9,0.359,0.611,98.64,160.36,226.7,19,5,5,9,-0.9659,0.2588,-0.9749,-0.2225,117,112,324,163.0,245.5,299.8,63.72,103.09
2026-09-05 20:00:00+00:00,Faridabad,28.4089,77.3178,340,172.1,283.7,107.6,21.5,3.89,16.8,26.5,66.5,8.0,297.3,1009.9,0.0,350.0,777.8,0.457,0.607,119.91,196.5,253.3,20,5,5,9,-0.866,0.5,-0.9749,-0.2225,303,260,328,226.7,242.0,294.5,123.9,202.7
2026-09-05 21:00:00+00:00,Faridabad,28.4089,77.3178,335,165.6,275.3,99.7,19.9,3.6,17.6,25.3,68.4,6.6,310.7,1010.3,0.0,350.0,641.7,0.525,0.602,153.87,253.9,326.0,21,5,5,9,-0.7071,0.7071,-0.9749,-0.2225,340,117,332,253.3,244.0,293.0,172.1,283.7
2026-09-05 22:00:00+00:00,Faridabad,28.4089,77.3178,417,272.6,456.8,81.1,22.6,2.89,17.9,23.2,75.2,5.8,308.6,1011.0,0.0,350.0,563.9,0.603,0.597,203.43,338.6,364.0,22,5,5,9,-0.5,0.866,-0.9749,-0.2225,335,303,112,326.0,244.5,290.8,165.6,275.3
2026-09-05 23:00:00+00:00,Faridabad,28.4089,77.3178,428,282.0,476.1,80.8,22.5,2.87,19.8,21.7,80.0,3.3,318.0,1011.5,0.0,350.0,320.8,0.735,0.592,240.07,402.73,393.3,23,5,5,9,-0.2588,0.9659,-0.9749,-0.2225,417,340,260,364.0,295.3,296.5,272.6,456.8
2026-09-06 00:00:00+00:00,Faridabad,28.4089,77.3178,428,280.6,476.8,77.7,21.7,2.76,19.7,21.6,79.0,4.4,312.7,1012.0,0.0,350.0,427.8,0.684,0.589,278.4,469.9,424.3,0,6,6,9,0.0,1.0,-0.7818,0.6235,428,335,117,393.3,323.3,302.8,282.0,476.1
2026-09-06 01:00:00+00:00,Faridabad,28.4089,77.3178,436,286.8,489.9,54.0,21.5,1.92,19.1,21.3,82.5,2.7,301.5,1011.6,0.0,350.0,262.5,0.775,0.585,283.13,480.93,430.7,1,6,6,9,0.2588,0.9659,-0.7818,0.6235,428,417,303,424.3,375.2,310.3,280.6,476.8
2026-09-06 02:00:00+00:00,Faridabad,28.4089,77.3178,457,307.3,526.8,56.7,22.6,2.02,16.7,20.9,85.2,3.2,301.9,1011.0,0.0,350.0,311.1,0.773,0.583,291.57,497.83,440.3,2,6,6,9,0.5,0.866,-0.7818,0.6235,436,428,340,430.7,397.3,319.7,286.8,489.9
2026-09-06 03:00:00+00:00,Faridabad,28.4089,77.3178,434,283.0,486.2,51.5,20.5,1.83,17.8,20.8,84.2,3.8,295.8,1010.3,0.0,350.0,369.4,0.743,0.582,292.37,500.97,442.3,3,6,6,9,0.7071,0.7071,-0.7818,0.6235,457,428,335,440.3,416.8,330.4,307.3,526.8
2026-09-06 04:00:00+00:00,Faridabad,28.4089,77.3178,476,323.0465,555.16,58.8,23.4,2.09,18.6,20.9,80.2,3.0,293.0,1009.7,0.0,350.0,291.7,0.748,0.582,304.45,522.72,455.7,4,6,6,9,0.866,0.5,-0.7818,0.6235,434,436,417,442.3,433.3,338.9,283.0,486.2
2026-09-06 05:00:00+00:00,Faridabad,28.4089,77.3178,470,319.4,548.7,83.0,23.1,2.95,16.5,22.8,80.4,4.6,303.0,1009.2,0.0,350.0,447.2,0.685,0.582,308.48,530.02,460.0,5,6,6,9,0.9659,0.2588,-0.7818,0.6235,476,457,428,455.7,443.2,369.2,323.05,555.16
2026-09-06 06:00:00+00:00,Faridabad,28.4089,77.3178,458,307.5,527.2,81.0,22.6,2.88,17.0,23.8,76.0,5.4,304.3,1009.5,0.0,350.0,525.0,0.624,0.583,316.65,543.69,468.0,6,6,6,9,1.0,0.0,-0.7818,0.6235,470,434,428,460.0,450.2,386.8,319.4,548.7
2026-09-06 07:00:00+00:00,Faridabad,28.4089,77.3178,361,199.0,339.8,71.8,20.8,2.59,19.6,24.9,71.4,6.6,299.6,1009.3,0.0,478.8,877.8,0.545,0.586,275.3,471.9,429.7,7,6,6,9,0.9659,-0.2588,-0.7818,0.6235,458,476,436,468.0,455.2,415.2,307.5,527.2
2026-09-06 08:00:00+00:00,Faridabad,28.4089,77.3178,355,192.0,326.2,96.2,20.6,3.48,27.3,26.9,63.1,6.8,279.0,1010.1,0.0,625.2,1180.9,0.482,0.589,232.83,397.73,391.3,8,6,6,9,0.866,-0.5,-0.7818,0.6235,361,470,457,429.7,442.7,420.0,199.0,339.8
2026-09-06 09:00:00+00:00,Faridabad,28.4089,77.3178,363,202.0,341.1,104.7,22.4,3.79,38.3,27.3,61.1,8.2,283.2,1010.5,0.0,748.1,1704.0,0.413,0.592,197.67,335.7,359.7,9,6,6,9,0.7071,-0.7071,-0.7818,0.6235,355,458,434,391.3,425.7,421.2,192.0,326.2
2026-09-06 10:00:00+00:00,Faridabad,28.4089,77.3178,351,186.2,312.0,100.3,21.5,3.63,50.8,29.0,54.0,9.0,287.4,1010.9,0.0,876.5,2191.2,0.333,0.597,193.4,326.43,356.3,10,6,6,9,0.5,-0.866,-0.7818,0.6235,363,361,476,359.7,413.8,423.6,202.0,341.1
2026-09-06 11:00:00+00:00,Faridabad,28.4089,77.3178,341,173.4,288.3,72.0,20.8,2.6,60.6,31.1,47.9,9.8,281.9,1011.4,0.0,974.6,2653.1,0.261,0.601,187.2,313.8,351.7,11,6,6,9,0.2588,-0.9659,-0.7818,0.6235,351,355,470,356.3,393.0,418.1,186.2,312.0
2026-09-06 12:00:00+00:00,Faridabad,28.4089,77.3178,341,173.7,286.4,74.9,21.7,2.71,64.5,31.1,47.4,12.3,283.3,1011.6,0.0,999.8,3416.0,0.157,0.606,177.77,295.57,344.3,12,6,6,9,0.0,-1.0,-0.7818,0.6235,341,363,458,351.7,371.5,410.8,173.4,288.3
2026-09-06 13:00:00+00:00,Faridabad,28.4089,77.3178,340,171.7,280.8,76.6,22.2,2.77,65.6,32.4,44.8,12.7,280.3,1011.5,0.0,993.6,3505.2,0.124,0.611,172.93,285.17,340.7,13,6,6,9,-0.2588,-0.9659,-0.7818,0.6235,341,351,361,344.3,352.0,403.6,173.7,286.4
2026-09-06 14:00:00+00:00,Faridabad,28.4089,77.3178,329,157.9,256.7,72.4,20.9,2.62,61.4,33.0,44.2,11.0,291.1,1011.3,0.0,930.3,2842.6,0.188,0.615,167.77,274.63,336.7,14,6,6,9,-0.5,-0.866,-0.7818,0.6235,340,341,355,340.7,348.5,395.6,171.7,280.8
2026-09-06 15:00:00+00:00,Faridabad,28.4089,77.3178,336,167.1,270.5,77.9,22.5,2.82,52.3,33.0,44.0,12.2,282.4,1010.6,0.0,824.7,2794.8,0.139,0.618,165.57,269.33,335.0,15,6,6,9,-0.7071,-0.7071,-0.7818,0.6235,329,341,363,336.7,344.2,384.9,157.9,256.7
2026-09-06 16:00:00+00:00,Faridabad,28.4089,77.3178,330,158.4,256.0,74.3,21.5,2.69,40.7,31.8,49.0,10.6,286.7,1010.1,0.0,669.8,1972.2,0.236,0.619,161.13,261.07,331.7,16,6,6,9,-0.866,-0.5,-0.7818,0.6235,336,340,351,335.0,339.7,376.8,167.1,270.5
2026-09-06 17:00:00+00:00,Faridabad,28.4089,77.3178,330,158.9,257.2,74.1,21.4,2.68,29.9,30.0,49.3,10.1,295.0,1009.7,0.0,515.1,1445.1,0.258,0.618,161.47,261.23,332.0,17,6,6,9,-0.9659,-0.2588,-0.7818,0.6235,330,329,341,331.7,336.2,364.6,158.4,256.0
2026-09-06 18:00:00+00:00,Faridabad,28.4089,77.3178,334,163.9,266.5,109.0,21.7,3.94,18.4,28.8,54.7,10.2,287.8,1009.1,0.0,350.0,991.7,0.29,0.615,160.4,259.9,331.3,18,6,6,9,-1.0,-0.0,-0.7818,0.6235,330,336,341,332.0,334.3,352.9,158.9,257.2
2026-09-06 19:00:00+00:00,Faridabad,28.4089,77.3178,340,171.4,280.4,110.9,22.1,4.01,17.8,28.0,56.6,8.7,295.0,1009.5,0.0,350.0,845.8,0.363,0.611,164.73,268.03,334.7,19,6,6,9,-0.9659,0.2588,-0.7818,0.6235,334,330,340,331.3,333.2,342.6,163.9,266.5
2026-09-06 20:00:00+00:00,Faridabad,28.4089,77.3178,329,158.1,260.6,98.8,19.7,3.57,19.2,27.3,61.7,6.6,308.3,1009.6,0.0,350.0,641.7,0.481,0.607,164.47,269.17,334.3,20,6,6,9,-0.866,0.5,-0.7818,0.6235,340,330,329,334.7,333.2,340.8,171.4,280.4
2026-09-06 21:00:00+00:00,Faridabad,28.4089,77.3178,344,177.2,294.5,106.6,21.3,3.85,19.7,25.2,69.0,6.7,313.1,1010.3,0.0,350.0,651.4,0.525,0.602,168.9,278.5,337.7,21,6,6,9,-0.7071,0.7071,-0.7818,0.6235,329,334,336,334.3,333.2,338.7,158.1,260.6
2026-09-06 22:00:00+00:00,Faridabad,28.4089,77.3178,377,219.4,367.7,71.0,20.0,2.54,18.8,22.8,72.2,5.6,307.4,1011.4,0.0,350.0,544.4,0.591,0.597,184.9,307.6,350.0,22,6,6,9,-0.5,0.866,-0.7818,0.6235,344,340,330,337.7,334.5,337.1,177.2,294.5
2026-09-06 23:00:00+00:00,Faridabad,28.4089,77.3178,418,272.2,459.6,78.0,21.7,2.77,16.7,21.7,76.5,3.4,305.6,1011.7,0.0,350.0,330.6,0.707,0.592,222.93,373.93,379.7,23,6,6,9,-0.2588,0.9659,-0.7818,0.6235,377,329,330,350.0,342.3,339.2,219.4,367.7
2026-09-07 00:00:00+00:00,Faridabad,28.4089,77.3178,419,271.0,460.5,75.0,20.9,2.67,19.2,21.4,82.9,2.8,309.9,1011.9,0.0,350.0,272.2,0.774,0.588,254.2,429.27,404.7,0,7,0,9,0.0,1.0,0.0,1.0,418,344,334,379.7,357.0,345.7,272.2,459.6
2026-09-07 01:00:00+00:00,Faridabad,28.4089,77.3178,463,314.1,536.5,59.2,23.5165,2.1,18.3,20.6,84.9,4.1,313.1,1011.4,0.0,350.0,398.6,0.735,0.585,285.77,485.53,433.3,1,7,0,9,0.2588,0.9659,0.0,1.0,419,377,340,404.7,371.2,352.2,271.0,460.5
2026-09-07 02:00:00+00:00,Faridabad,28.4089,77.3178,440,290.3,497.7,53.5,21.3,1.9,16.5,19.9,85.7,3.6,313.3,1011.2,0.0,350.0,350.0,0.761,0.583,291.8,498.23,440.7,2,7,0,9,0.5,0.866,0.0,1.0,463,418,329,433.3,391.7,362.4,314.1,536.5
2026-09-07 03:00:00+00:00,Faridabad,28.4089,77.3178,473,322.7,554.5,58.7,23.4,2.09,16.2,20.1,82.9,3.5,306.7,1010.5,0.0,350.0,340.3,0.746,0.582,309.03,529.57,458.7,3,7,0,9,0.7071,0.7071,0.0,1.0,440,419,344,440.7,410.2,371.7,290.3,497.7
2026-09-07 04:00:00+00:00,Faridabad,28.4089,77.3178,454,302.9,520.8,54.9,21.9,1.95,16.0,20.7,83.1,3.8,308.1,1009.6,0.0,350.0,369.4,0.735,0.582,305.3,524.33,455.7,4,7,0,9,0.866,0.5,0.0,1.0,473,463,377,458.7,431.7,383.1,322.7,554.5
2026-09-07 05:00:00+00:00,Faridabad,28.4089,77.3178,468,317.0,544.7,82.4,23.0,2.93,19.1,21.7,76.1,4.6,306.6,1009.4,0.0,350.0,447.2,0.657,0.582,314.2,540.0,465.0,5,7,0,9,0.9659,0.2588,0.0,1.0,454,440,418,455.7,444.5,393.4,302.9,520.8
2026-09-07 06:00:00+00:00,Faridabad,28.4089,77.3178,436,286.1,490.4,81.9,23.1,2.93,18.4,23.8,72.5,5.5,295.5,1009.2,0.0,350.0,534.7,0.597,0.583,302.0,518.63,452.7,6,7,0,9,1.0,0.0,0.0,1.0,468,473,419,465.0,452.8,404.9,317.0,544.7
2026-09-07 07:00:00+00:00,Faridabad,28.4089,77.3178,370,210.4,359.4,75.9,21.9,2.74,17.4,24.2,67.6,6.3,300.1,1009.5,0.0,485.1,848.9,0.532,0.585,271.17,464.83,424.7,7,7,0,9,0.9659,-0.2588,0.0,1.0,436,454,463,452.7,455.7,413.4,286.1,490.4
2026-09-07 08:00:00+00:00,Faridabad,28.4089,77.3178,355,191.3,325.1,95.8,20.5,3.47,29.1,25.7,62.7,6.7,288.1,1009.7,0.0,626.4,1165.8,0.483,0.588,229.27,391.63,387.0,8,7,0,9,0.866,-0.5,0.0,1.0,370,468,440,424.7,440.2,415.9,210.4,359.4
2026-09-07 09:00:00+00:00,Faridabad,28.4089,77.3178,346,179.8,303.6,93.2,20.0,3.37,40.3,28.1,57.4,9.2,287.6,1010.4,0.0,764.7,1954.2,0.348,0.592,193.83,329.37,357.0,9,7,0,9,0.7071,-0.7071,0.0,1.0,355,436,473,387.0,426.0,418.1,191.3,325.1
2026-09-07 10:00:00+00:00,Faridabad,28.4089,77.3178,338,168.7,282.7,90.8,19.5,3.28,48.7,29.8,56.3,9.7,275.5,1011.2,0.0,863.9,2327.7,0.321,0.597,179.93,303.8,346.3,10,7,0,9,0.5,-0.866,0.0,1.0,346,370,454,357.0,404.8,418.2,179.8,303.6
2026-09-07 11:00:00+00:00,Faridabad,28.4089,77.3178,333,162.2,269.5,67.3,19.5,2.43,59.0,30.4,49.5,10.4,286.6,1011.7,0.0,964.8,2787.2,0.247,0.602,170.23,285.27,339.0,11,7,0,9,0.2588,-0.9659,0.0,1.0,338,355,468,346.3,385.5,415.0,168.7,282.7
2026-09-07 12:00:00+00:00,Faridabad,28.4089,77.3178,346,179.0,295.1,77.2,22.3,2.79,65.2,32.4,45.1,12.0,279.7,1011.5,0.0,1014.4,3381.3,0.154,0.607,169.97,282.43,339.0,12,7,0,9,0.0,-1.0,0.0,1.0,333,346,436,339.0,363.0,407.9,162.2,269.5
2026-09-07 13:00:00+00:00,Faridabad,28.4089,77.3178,339,170.0,278.1,75.8,21.9,2.74,64.4,32.4,43.8,11.2,284.0,1011.4,0.0,999.7,3110.2,0.177,0.611,170.4,280.9,339.3,13,7,0,9,-0.2588,-0.9659,0.0,1.0,346,338,370,339.0,348.0,401.8,179.0,295.1
2026-09-07 14:00:00+00:00,Faridabad,28.4089,77.3178,329,157.6,256.3,72.3,20.9,2.61,60.5,31.9,45.2,12.7,279.5,1010.9,0.0,924.8,3262.5,0.127,0.615,168.87,276.5,338.0,14,7,0,9,-0.5,-0.866,0.0,1.0,339,333,355,339.3,342.8,391.5,170.0,278.1
2026-09-07 15:00:00+00:00,Faridabad,28.4089,77.3178,321,146.6,237.3,68.4,19.8,2.47,55.3,32.9,42.9,12.7,283.5,1010.4,0.0,829.6,2926.6,0.111,0.618,158.07,257.23,329.7,15,7,0,9,-0.7071,-0.7071,0.0,1.0,329,346,346,338.0,338.5,382.2,157.6,256.3
2026-09-07 16:00:00+00:00,Faridabad,28.4089,77.3178,318,143.8,232.5,67.5,19.5,2.44,40.5,31.9,49.1,10.8,280.0,1010.0,0.0,669.5,2008.5,0.229,0.618,149.33,242.03,322.7,16,7,0,9,-0.866,-0.5,0.0,1.0,321,339,338,329.7,334.3,369.6,146.6,237.3
2026-09-07 17:00:00+00:00,Faridabad,28.4089,77.3178,330,158.2,256.1,73.8,21.3,2.67,31.5,31.3,49.7,10.0,288.0,1009.7,0.0,514.4,1428.9,0.265,0.618,149.53,241.97,323.0,17,7,0,9,-0.9659,-0.2588,0.0,1.0,318,329,333,322.7,331.0,358.2,143.8,232.5
2026-09-07 18:00:00+00:00,Faridabad,28.4089,77.3178,322,147.9,240.4,98.3,19.6,3.55,19.4,29.7,54.6,9.1,304.4,1009.5,0.0,350.0,884.7,0.333,0.615,149.97,243.0,323.3,18,7,0,9,-1.0,-0.0,0.0,1.0,330,321,346,323.0,330.5,346.8,158.2,256.1
2026-09-07 19:00:00+00:00,Faridabad,28.4089,77.3178,338,168.7,276.0,109.1,21.8,3.95,18.9,28.0,61.3,8.8,305.6,1009.3,0.0,350.0,855.6,0.39,0.611,158.27,257.5,330.0,19,7,0,9,-0.9659,0.2588,0.0,1.0,322,318,339,323.3,326.5,337.2,147.9,240.4
2026-09-07 20:00:00+00:00,Faridabad,28.4089,77.3178,330,158.9,262.0,99.4,19.8,3.59,18.3,26.1,63.1,7.7,310.3,1010.0,0.0,350.0,748.6,0.446,0.606,158.5,259.47,330.0,20,7,0,9,-0.866,0.5,0.0,1.0,338,330,329,330.0,326.3,334.6,168.7,276.0
2026-09-07 21:00:00+00:00,Faridabad,28.4089,77.3178,377,220.3,366.2,110.7,21.6,3.96,17.9,24.2,71.6,5.4,305.0,1010.7,0.2,350.0,525.0,0.595,0.602,182.63,301.4,348.3,21,7,0,9,-0.7071,0.7071,0.0,1.0,330,322,321,330.0,326.5,332.5,158.9,262.0
2026-09-07 22:00:00+00:00,Faridabad,28.4089,77.3178,395,243.3,407.7,72.4,20.2,2.58,18.9,24.0,75.6,5.2,302.8,1011.1,0.0,350.0,505.6,0.629,0.597,207.5,345.3,367.3,22,7,0,9,-0.5,0.866,0.0,1.0,377,338,318,348.3,335.8,335.1,220.3,366.2
2026-09-07 23:00:00+00:00,Faridabad,28.4089,77.3178,419,273.3,461.4,78.3,21.8,2.78,17.2,23.0,76.3,3.9,312.4,1011.3,0.0,350.0,379.2,0.686,0.592,245.63,411.77,397.0,23,7,0,9,-0.2588,0.9659,0.0,1.0,395,330,330,367.3,348.7,339.8,243.3,407.7
2026-09-08 00:00:00+00:00,Faridabad,28.4089,77.3178,443,296.0,503.0,82.0,22.9,2.92,19.5,21.6,83.1,4.1,300.5,1011.7,0.0,350.0,398.6,0.723,0.588,270.87,457.37,419.0,0,8,1,9,0.0,1.0,0.7818,0.6235,419,377,322,397.0,363.5,347.0,273.3,461.4
2026-09-08 01:00:00+00:00,Faridabad,28.4089,77.3178,458,308.7,527.3,58.1,23.2,2.07,16.3,20.6,84.8,2.9,308.8,1011.6,0.0,350.0,281.9,0.783,0.585,292.67,497.23,440.0,1,8,1,9,0.2588,0.9659,0.7818,0.6235,443,395,338,419.0,383.7,355.1,296.0,503.0
2026-09-08 02:00:00+00:00,Faridabad,28.4089,77.3178,470,319.5,547.7,58.9,23.5,2.1,18.2,21.1,83.2,2.1,306.5,1011.0,0.0,350.0,204.2,0.804,0.583,308.07,526.0,457.0,2,8,1,9,0.5,0.866,0.7818,0.6235,458,419,330,440.0,403.7,365.0,308.7,527.3
2026-09-08 03:00:00+00:00,Faridabad,28.4089,77.3178,431,280.6,482.2,51.1,20.3,1.82,19.8,21.2,84.8,2.3,313.2,1010.6,0.0,350.0,223.6,0.807,0.582,302.93,519.07,453.0,3,8,1,9,0.7071,0.7071,0.7818,0.6235,470,443,377,457.0,427.0,376.8,319.5,547.7
2026-09-08 04:00:00+00:00,Faridabad,28.4089,77.3178,448,297.0,510.6,53.8,21.4,1.91,16.7,21.6,83.3,2.8,299.8,1010.0,0.0,350.0,272.2,0.777,0.582,299.03,513.5,449.7,4,8,1,9,0.866,0.5,0.7818,0.6235,431,458,395,453.0,436.0,385.9,280.6,482.2
2026-09-08 05:00:00+00:00,Faridabad,28.4089,77.3178,440,289.5,497.4,75.3,21.0,2.68,16.5,22.4,76.0,4.7,293.0,1009.7,0.0,350.0,456.9,0.652,0.582,289.03,496.73,439.7,5,8,1,9,0.9659,0.2588,0.7818,0.6235,448,470,419,449.7,444.8,396.8,297.0,510.6
2026-09-08 06:00:00+00:00,Faridabad,28.4089,77.3178,460,309.9,531.2,81.6,22.8,2.9,16.9,23.5,76.2,5.4,304.2,1009.1,0.0,350.0,525.0,0.625,0.583,298.8,513.07,449.3,6,8,1,9,1.0,0.0,0.7818,0.6235,440,431,443,439.7,448.3,405.9,289.5,497.4
2026-09-08 07:00:00+00:00,Faridabad,28.4089,77.3178,359,196.3,335.3,70.8,20.5,2.56,17.9,24.7,68.0,6.7,286.7,1009.2,0.0,484.4,901.5,0.519,0.585,265.23,454.63,419.7,7,8,1,9,0.9659,-0.2588,0.7818,0.6235,460,448,458,449.3,451.2,417.4,309.9,531.2
2026-09-08 08:00:00+00:00,Faridabad,28.4089,77.3178,353,189.1,321.4,94.8,20.3,3.43,28.7,26.5,62.1,7.9,291.1,1009.9,0.0,628.3,1378.8,0.431,0.588,231.77,395.97,390.7,8,8,1,9,0.866,-0.5,0.7818,0.6235,359,440,470,419.7,434.7,419.2,196.3,335.3
2026-09-08 09:00:00+00:00,Faridabad,28.4089,77.3178,362,200.9,339.2,104.2,22.3,3.77,37.7,28.5,61.1,9.3,293.2,1010.2,0.0,748.1,1932.6,0.369,0.592,195.43,331.97,358.0,9,8,1,9,0.7071,-0.7071,0.7818,0.6235,353,460,431,390.7,415.2,421.1,189.1,321.4
2026-09-08 10:00:00+00:00,Faridabad,28.4089,77.3178,343,175.5,294.1,94.5,20.2,3.42,49.0,28.8,56.0,9.3,291.1,1010.9,0.0,865.6,2236.1,0.335,0.597,188.5,318.23,352.7,10,8,1,9,0.5,-0.866,0.7818,0.6235,362,359,448,358.0,403.7,419.8,200.9,339.2
2026-09-08 11:00:00+00:00,Faridabad,28.4089,77.3178,352,188.1,312.6,78.1,22.6,2.82,57.0,30.7,51.7,10.7,283.1,1011.4,0.0,951.4,2827.8,0.25,0.602,188.17,315.3,352.3,11,8,1,9,0.2588,-0.9659,0.7818,0.6235,343,353,440,352.7,386.2,415.5,175.5,294.1
2026-09-08 12:00:00+00:00,Faridabad,28.4089,77.3178,328,156.6,258.1,67.5,19.5,2.44,65.3,31.1,45.9,11.3,282.9,1011.6,0.0,1009.3,3168.1,0.187,0.607,173.4,288.27,341.0,12,8,1,9,0.0,-1.0,0.7818,0.6235,352,362,460,352.3,371.5,409.9,188.1,312.6
2026-09-08 13:00:00+00:00,Faridabad,28.4089,77.3178,336,166.5,272.4,74.3,21.5,2.69,62.5,31.9,46.9,12.1,278.7,1011.4,0.0,980.7,3296.2,0.162,0.611,170.4,281.03,338.7,13,8,1,9,-0.2588,-0.9659,0.7818,0.6235,328,343,359,341.0,349.5,400.3,156.6,258.1
2026-09-08 14:00:00+00:00,Faridabad,28.4089,77.3178,322,149.0,242.3,68.3,19.8,2.47,61.8,32.6,45.0,12.7,280.9,1011.0,0.0,925.9,3266.4,0.125,0.615,157.37,257.6,328.7,14,8,1,9,-0.5,-0.866,0.7818,0.6235,336,352,353,338.7,345.7,390.2,166.5,272.4
2026-09-08 15:00:00+00:00,Faridabad,28.4089,77.3178,319,144.4,233.7,67.3,19.5,2.43,53.5,31.8,43.5,11.8,293.8,1010.7,0.0,826.9,2710.4,0.151,0.618,153.3,249.47,325.7,15,8,1,9,-0.7071,-0.7071,0.7818,0.6235,322,328,362,328.7,340.5,377.8,149.0,242.3
2026-09-08 16:00:00+00:00,Faridabad,28.4089,77.3178,336,166.4,269.0,78.1,22.6,2.82,44.7,31.6,45.0,12.2,291.7,1009.8,0.0,682.5,2312.9,0.145,0.619,153.27,248.33,325.7,16,8,1,9,-0.866,-0.5,0.7818,0.6235,319,336,343,325.7,333.3,368.5,144.4,233.7
2026-09-08 17:00:00+00:00,Faridabad,28.4089,77.3178,324,151.1,244.6,70.5,20.4,2.55,28.7,31.1,50.7,10.0,285.9,1009.2,0.0,512.8,1424.4,0.271,0.618,153.97,249.1,326.3,17,8,1,9,-0.9659,-0.2588,0.7818,0.6235,336,322,352,325.7,332.2,359.2,166.4,269.0
2026-09-08 18:00:00+00:00,Faridabad,28.4089,77.3178,327,154.4,251.0,102.6,20.5,3.71,17.5,29.1,52.4,9.9,285.7,1009.2,0.0,350.0,962.5,0.287,0.615,157.3,254.87,329.0,18,8,1,9,-1.0,-0.0,0.7818,0.6235,324,319,328,326.3,327.5,349.5,151.1,244.6
2026-09-08 19:00:00+00:00,Faridabad,28.4089,77.3178,333,162.7,266.2,105.3,21.0,3.81,16.6,28.1,57.1,8.3,307.3,1009.4,0.0,350.0,806.9,0.382,0.611,156.07,253.93,328.0,19,8,1,9,-0.9659,0.2588,0.7818,0.6235,327,336,336,329.0,327.3,338.4,154.4,251.0
2026-09-08 20:00:00+00:00,Faridabad,28.4089,77.3178,334,163.8,270.1,102.4,20.4,3.7,18.8,26.4,63.1,6.5,307.3,1010.2,0.0,350.0,631.9,0.494,0.606,160.3,262.43,331.3,20,8,1,9,-0.866,0.5,0.7818,0.6235,333,324,322,328.0,326.8,336.2,162.7,266.2
2026-09-08 21:00:00+00:00,Faridabad,28.4089,77.3178,335,165.1,274.4,99.3,19.8,3.59,18.3,24.9,68.1,7.2,315.2,1010.5,0.0,350.0,700.0,0.499,0.602,163.87,270.23,334.0,21,8,1,9,-0.7071,0.7071,0.7818,0.6235,334,327,319,331.3,328.8,334.7,163.8,270.1
2026-09-08 22:00:00+00:00,Faridabad,28.4089,77.3178,379,223.0,373.6,72.1,20.4,2.58,18.2,24.2,73.7,5.6,312.6,1011.3,0.0,350.0,544.4,0.601,0.597,183.97,306.03,349.3,22,8,1,9,-0.5,0.866,0.7818,0.6235,335,333,336,334.0,331.5,332.4,165.1,274.4
2026-09-08 23:00:00+00:00,Faridabad,28.4089,77.3178,404,254.6,429.9,72.9,20.3,2.59,18.6,22.0,77.7,5.0,308.4,1011.3,0.0,350.0,486.1,0.651,0.592,214.23,359.3,372.7,23,8,1,9,-0.2588,0.9659,0.7818,0.6235,379,334,324,349.3,338.7,335.4,223.0,373.6
2026-09-02 00:00:00+00:00,Ghaziabad,28.6692,77.4538,460,314.7,531.9,88.7,24.9,3.12,16.4,21.6,79.0,2.9,302.8,1011.8,0.0,350.0,281.9,0.744,0.592,314.7,531.9,460.0,0,2,2,9,0.0,1.0,0.9749,-0.2225,460,460,460,460.0,460.0,460.0,314.7,531.9
2026-09-02 01:00:00+00:00,Ghaziabad,28.6692,77.4538,474,326.8,555.2,62.7,25.2,2.21,18.9,20.9,81.8,4.0,307.3,1011.5,0.0,350.0,388.9,0.719,0.589,320.75,543.55,467.0,1,2,2,9,0.2588,0.9659,0.9749,-0.2225,460,460,460,460.0,460.0,460.0,314.7,531.9
2026-09-02 02:00:00+00:00,Ghaziabad,28.6692,77.4538,482,333.4,568.4,62.6,25.1,2.2,17.8,19.9,83.6,3.9,314.7,1011.2,0.0,350.0,379.2,0.735,0.587,324.97,551.83,472.0,2,2,2,9,0.5,0.866,0.9749,-0.2225,474,460,460,467.0,467.0,467.0,326.8,555.2
2026-09-02 03:00:00+00:00,Ghaziabad,28.6692,77.4538,449,300.3,513.2,55.6,22.4,1.96,19.7,21.0,85.6,2.4,305.6,1010.5,0.0,350.0,233.3,0.808,0.585,320.17,545.6,468.3,3,2,2,9,0.7071,0.7071,0.9749,-0.2225,482,460,460,472.0,472.0,472.0,333.4,568.4
2026-09-02 04:00:00+00:00,Ghaziabad,28.6692,77.4538,478,329.2,563.1,60.7,24.4,2.14,18.9,21.8,81.2,3.6,310.9,1009.7,0.0,350.0,350.0,0.731,0.585,320.97,548.23,469.7,4,2,2,9,0.866,0.5,0.9749,-0.2225,449,474,460,468.3,466.2,466.2,300.3,513.2
2026-09-02 05:00:00+00:00,Ghaziabad,28.6692,77.4538,467,317.7,543.0,84.1,23.6,2.96,19.9,21.7,77.6,4.5,306.5,1009.5,0.0,350.0,437.5,0.671,0.585,315.73,539.77,464.7,5,2,2,9,0.9659,0.2588,0.9749,-0.2225,478,482,460,469.7,468.6,468.6,329.2,563.1
2026-09-02 06:00:00+00:00,Ghaziabad,28.6692,77.4538,465,317.1,540.6,85.0,23.9,2.99,16.5,24.2,75.3,4.8,304.3,1009.6,0.0,350.0,466.7,0.643,0.587,321.33,548.9,470.0,6,2,2,9,1.0,0.0,0.9749,-0.2225,467,449,460,464.7,468.3,468.3,317.7,543.0
2026-09-02 07:00:00+00:00,Ghaziabad,28.6692,77.4538,383,228.1,387.5,83.8,24.4,3.0,18.8,24.8,70.2,6.8,287.1,1009.6,0.0,480.8,908.2,0.529,0.589,287.63,490.37,438.3,7,2,2,9,0.9659,-0.2588,0.9749,-0.2225,465,478,474,470.0,469.2,467.9,317.1,540.6
2026-09-02 08:00:00+00:00,Ghaziabad,28.6692,77.4538,365,204.4,345.5,104.3,22.5,3.73,28.4,27.2,64.7,6.9,290.0,1009.8,0.0,620.1,1188.5,0.489,0.592,249.87,424.53,404.3,8,2,2,9,0.866,-0.5,0.9749,-0.2225,383,467,482,438.3,454.0,457.2,228.1,387.5
2026-09-02 09:00:00+00:00,Ghaziabad,28.6692,77.4538,359,196.8,330.5,103.9,22.4,3.72,36.9,28.8,59.6,9.6,284.5,1010.6,0.0,754.8,2012.8,0.347,0.595,209.77,354.5,369.0,9,2,2,9,0.7071,-0.7071,0.9749,-0.2225,365,465,449,404.3,434.5,447.0,204.4,345.5
2026-09-02 10:00:00+00:00,Ghaziabad,28.6692,77.4538,364,202.7,337.9,111.2,24.0,3.98,50.6,29.3,53.9,9.9,285.4,1011.1,0.0,877.1,2412.0,0.297,0.6,201.3,337.97,362.7,10,2,2,9,0.5,-0.866,0.9749,-0.2225,359,383,478,369.0,419.5,438.2,196.8,330.5
2026-09-02 11:00:00+00:00,Ghaziabad,28.6692,77.4538,344,176.8,292.3,74.7,21.8,2.67,57.6,30.4,51.6,11.3,281.0,1011.3,0.0,952.0,2988.2,0.225,0.605,192.1,320.23,355.7,11,2,2,9,0.2588,-0.9659,0.9749,-0.2225,364,365,467,362.7,400.5,431.5,202.7,337.9
2026-09-02 12:00:00+00:00,Ghaziabad,28.6692,77.4538,354,190.2,311.8,83.5,24.4,2.99,63.4,31.2,47.9,10.7,275.7,1011.6,0.0,996.6,2962.1,0.225,0.61,189.9,314.0,354.0,12,2,2,9,0.0,-1.0,0.9749,-0.2225,344,359,465,355.7,380.0,424.2,176.8,292.3
2026-09-02 13:00:00+00:00,Ghaziabad,28.6692,77.4538,350,184.6,300.3,83.9,24.5,3.0,64.8,32.0,45.9,10.9,286.8,1011.3,0.0,986.8,2987.8,0.203,0.615,183.87,301.47,349.3,13,2,2,9,-0.2588,-0.9659,0.9749,-0.2225,354,364,383,354.0,361.5,415.3,190.2,311.8
2026-09-02 14:00:00+00:00,Ghaziabad,28.6692,77.4538,345,177.8,287.5,83.0,24.2,2.97,59.7,33.1,45.2,12.1,276.8,1011.3,0.0,924.8,3108.4,0.151,0.618,184.2,299.87,349.7,14,2,2,9,-0.5,-0.866,0.9749,-0.2225,350,344,365,349.3,356.0,405.0,184.6,300.3
2026-09-02 15:00:00+00:00,Ghaziabad,28.6692,77.4538,332,161.7,260.4,76.8,22.4,2.75,52.8,32.6,46.8,11.6,293.5,1010.8,0.0,812.2,2617.1,0.181,0.621,174.7,282.73,342.3,15,2,2,9,-0.7071,-0.7071,0.9749,-0.2225,345,354,359,349.7,352.7,393.6,177.8,287.5
2026-09-02 16:00:00+00:00,Ghaziabad,28.6692,77.4538,342,174.5,280.6,83.4,24.3,2.98,44.9,30.9,45.4,11.6,293.1,1010.1,0.0,681.2,2195.0,0.172,0.622,171.33,276.17,339.7,16,2,2,9,-0.866,-0.5,0.9749,-0.2225,332,350,364,342.3,348.2,383.8,161.7,260.4
2026-09-02 17:00:00+00:00,Ghaziabad,28.6692,77.4538,342,174.1,280.4,82.7,24.1,2.96,32.1,31.1,50.6,11.2,292.1,1009.5,0.0,512.9,1595.7,0.223,0.621,170.1,273.8,338.7,17,2,2,9,-0.9659,-0.2588,0.9749,-0.2225,342,345,344,339.7,344.5,372.5,174.5,280.6
2026-09-02 18:00:00+00:00,Ghaziabad,28.6692,77.4538,339,170.0,274.9,115.1,23.2,4.12,17.5,29.2,52.4,10.1,288.7,1009.1,0.0,350.0,981.9,0.279,0.618,172.87,278.63,341.0,18,2,2,9,-1.0,-0.0,0.9749,-0.2225,342,332,354,338.7,344.2,362.1,174.1,280.4
2026-09-02 19:00:00+00:00,Ghaziabad,28.6692,77.4538,338,169.6,275.9,111.7,22.5,4.0,18.8,27.9,59.1,7.9,300.6,1009.3,0.0,350.0,768.1,0.411,0.615,171.23,277.07,339.7,19,2,2,9,-0.9659,0.2588,0.9749,-0.2225,339,342,350,341.0,341.7,351.6,170.0,274.9
2026-09-02 20:00:00+00:00,Ghaziabad,28.6692,77.4538,349,183.7,301.2,117.0,23.5,4.19,18.6,25.9,62.3,7.1,293.5,1010.2,0.0,350.0,690.3,0.465,0.61,174.43,284.0,342.0,20,2,2,9,-0.866,0.5,0.9749,-0.2225,338,342,345,339.7,339.7,347.8,169.6,275.9
2026-09-02 21:00:00+00:00,Ghaziabad,28.6692,77.4538,346,179.0,296.0,109.7,22.1,3.93,16.7,24.9,69.5,6.1,311.3,1010.4,0.0,350.0,593.1,0.553,0.605,177.43,291.03,344.3,21,2,2,9,-0.7071,0.7071,0.9749,-0.2225,349,339,332,342.0,340.3,346.5,183.7,301.2
2026-09-02 22:00:00+00:00,Ghaziabad,28.6692,77.4538,394,242.2,403.7,79.8,22.7,2.82,16.9,22.8,74.0,5.1,308.7,1010.9,0.0,350.0,495.8,0.623,0.6,201.63,333.63,363.0,22,2,2,9,-0.5,0.866,0.9749,-0.2225,346,338,342,344.3,342.7,345.4,179.0,296.0
2026-09-02 23:00:00+00:00,Ghaziabad,28.6692,77.4538,461,317.1,532.4,92.5,26.0,3.26,19.3,22.0,77.4,3.8,314.5,1011.6,0.0,350.0,369.4,0.697,0.596,246.1,410.7,400.3,23,2,2,9,-0.2588,0.9659,0.9749,-0.2225,394,349,342,363.0,351.3,347.9,242.2,403.7
2026-09-03 00:00:00+00:00,Ghaziabad,28.6692,77.4538,455,309.5,523.0,87.2,24.5,3.07,18.5,22.1,78.9,3.9,308.9,1011.9,0.0,350.0,379.2,0.703,0.592,289.6,486.37,436.7,0,3,3,9,0.0,1.0,0.4339,-0.901,461,346,339,400.3,371.2,357.7,317.1,532.4
2026-09-03 01:00:00+00:00,Ghaziabad,28.6692,77.4538,454,307.0,521.5,58.9,23.7,2.07,18.2,21.4,84.2,2.8,317.8,1011.8,0.0,350.0,272.2,0.783,0.589,311.2,525.63,456.7,1,3,3,9,0.2588,0.9659,0.4339,-0.901,455,394,338,436.7,390.5,366.1,309.5,523.0
2026-09-03 02:00:00+00:00,Ghaziabad,28.6692,77.4538,465,316.7,540.0,59.5,23.9,2.09,16.2,20.2,86.1,3.6,305.5,1011.3,0.0,350.0,350.0,0.763,0.586,311.07,528.17,458.0,2,3,3,9,0.5,0.866,0.4339,-0.901,454,461,349,456.7,409.8,374.8,307.0,521.5
2026-09-03 03:00:00+00:00,Ghaziabad,28.6692,77.4538,496,347.4,593.6,64.4,25.8,2.27,18.2,21.3,81.8,3.2,314.6,1010.3,0.0,350.0,311.1,0.751,0.585,323.7,551.7,471.7,3,3,3,9,0.7071,0.7071,0.4339,-0.901,465,455,346,458.0,429.2,384.8,316.7,540.0
2026-09-03 04:00:00+00:00,Ghaziabad,28.6692,77.4538,470,321.2,549.3,59.2,23.8,2.09,16.4,20.5,79.1,3.9,308.0,1010.1,0.0,350.0,379.2,0.705,0.585,328.43,560.97,477.0,4,3,3,9,0.866,0.5,0.4339,-0.901,496,454,394,471.7,454.2,398.4,347.4,593.6
2026-09-03 05:00:00+00:00,Ghaziabad,28.6692,77.4538,495,346.5,592.1,91.7,25.8,3.23,19.0,22.3,79.2,5.3,304.4,1009.5,0.0,350.0,515.3,0.649,0.585,338.37,578.33,487.0,5,3,3,9,0.9659,0.2588,0.4339,-0.901,470,465,461,477.0,466.8,409.1,321.2,549.3
2026-09-03 06:00:00+00:00,Ghaziabad,28.6692,77.4538,448,299.9,511.4,87.5,24.9,3.1,18.2,22.9,73.8,4.9,286.8,1009.0,0.0,350.0,476.4,0.629,0.586,322.53,550.93,471.0,6,3,3,9,1.0,0.0,0.4339,-0.901,495,496,455,487.0,472.5,421.8,346.5,592.1
2026-09-03 07:00:00+00:00,Ghaziabad,28.6692,77.4538,425,277.4,471.2,82.6,23.5,2.92,16.1,25.1,67.8,5.9,288.9,1009.5,0.0,484.7,794.4,0.549,0.589,307.93,524.9,456.0,7,3,3,9,0.9659,-0.2588,0.4339,-0.901,448,470,454,471.0,471.3,430.9,299.9,511.4
2026-09-03 08:00:00+00:00,Ghaziabad,28.6692,77.4538,371,212.5,359.1,108.4,23.4,3.88,28.6,26.8,64.2,7.8,289.9,1010.1,0.0,621.7,1347.0,0.449,0.592,263.27,447.23,414.7,8,3,3,9,0.866,-0.5,0.4339,-0.901,425,495,465,456.0,466.5,438.2,277.4,471.2
2026-09-03 09:00:00+00:00,Ghaziabad,28.6692,77.4538,353,189.2,317.6,99.8,21.6,3.57,39.0,27.4,61.0,7.9,290.1,1010.4,0.0,748.6,1642.8,0.424,0.596,226.37,382.63,383.0,9,3,3,9,0.7071,-0.7071,0.4339,-0.901,371,448,496,414.7,450.8,440.0,212.5,359.1
2026-09-03 10:00:00+00:00,Ghaziabad,28.6692,77.4538,349,183.7,306.1,100.7,21.8,3.6,49.0,29.4,53.5,10.1,281.5,1011.1,0.0,879.3,2466.9,0.286,0.6,195.13,327.6,357.7,10,3,3,9,0.5,-0.866,0.4339,-0.901,353,425,470,383.0,427.0,440.6,189.2,317.6
2026-09-03 11:00:00+00:00,Ghaziabad,28.6692,77.4538,361,199.8,330.4,84.4,24.6,3.02,58.9,31.2,50.1,11.6,273.4,1011.6,0.0,961.1,3096.9,0.203,0.605,190.9,318.03,354.3,11,3,3,9,0.2588,-0.9659,0.4339,-0.901,349,371,495,357.7,406.8,436.8,183.7,306.1
2026-09-03 12:00:00+00:00,Ghaziabad,28.6692,77.4538,338,169.5,277.9,74.4,21.7,2.66,61.8,32.1,46.0,12.3,281.1,1011.7,0.0,1008.7,3446.4,0.148,0.61,184.33,304.8,349.3,12,3,3,9,0.0,-1.0,0.4339,-0.901,361,353,448,354.3,384.5,428.5,199.8,330.4
2026-09-03 13:00:00+00:00,Ghaziabad,28.6692,77.4538,351,185.6,301.9,84.3,24.6,3.02,63.8,32.5,44.9,12.7,276.6,1011.7,0.0,993.0,3503.1,0.125,0.615,184.97,303.4,350.0,13,3,3,9,-0.2588,-0.9659,0.4339,-0.901,338,349,425,349.3,366.2,418.8,169.5,277.9
2026-09-03 14:00:00+00:00,Ghaziabad,28.6692,77.4538,345,178.8,289.0,83.4,24.3,2.99,59.6,32.4,44.7,12.0,275.2,1010.9,0.0,927.6,3092.0,0.151,0.619,177.97,289.6,344.7,14,3,3,9,-0.5,-0.866,0.4339,-0.901,351,361,371,350.0,353.8,410.2,185.6,301.9
2026-09-03 15:00:00+00:00,Ghaziabad,28.6692,77.4538,346,179.9,289.7,85.5,24.9,3.06,52.7,31.8,46.2,12.6,291.4,1010.8,0.0,814.9,2852.2,0.137,0.621,181.43,293.53,347.3,15,3,3,9,-0.7071,-0.7071,0.4339,-0.901,345,338,353,344.7,349.5,400.2,178.8,289.0
2026-09-03 16:00:00+00:00,Ghaziabad,28.6692,77.4538,335,165.4,266.0,79.0,23.1,2.83,42.5,31.8,45.6,10.5,279.5,1010.0,0.0,680.6,1985.1,0.217,0.622,174.7,281.57,342.0,16,3,3,9,-0.866,-0.5,0.4339,-0.901,346,351,349,347.3,348.3,387.7,179.9,289.7
2026-09-03 17:00:00+00:00,Ghaziabad,28.6692,77.4538,332,161.9,260.7,76.9,22.4,2.75,30.0,30.1,50.6,9.9,293.5,1009.7,0.0,512.9,1410.5,0.275,0.621,169.07,272.13,337.7,17,3,3,9,-0.9659,-0.2588,0.4339,-0.901,335,345,361,342.0,346.0,376.4,165.4,266.0
2026-09-03 18:00:00+00:00,Ghaziabad,28.6692,77.4538,335,164.7,266.3,111.5,22.4,3.99,17.7,29.7,53.0,9.9,296.3,1009.2,0.0,350.0,962.5,0.291,0.618,164.0,264.33,334.0,18,3,3,9,-1.0,-0.0,0.4339,-0.901,332,346,338,337.7,341.2,362.8,161.9,260.7
2026-09-03 19:00:00+00:00,Ghaziabad,28.6692,77.4538,349,183.8,299.1,121.1,24.4,4.33,16.5,27.3,57.6,8.1,303.7,1009.4,0.0,350.0,787.5,0.393,0.615,170.13,275.37,338.7,19,3,3,9,-0.9659,0.2588,0.4339,-0.901,335,335,351,334.0,340.7,353.4,164.7,266.3
2026-09-03 20:00:00+00:00,Ghaziabad,28.6692,77.4538,348,181.9,298.2,115.8,23.3,4.14,16.7,26.9,65.9,7.4,299.7,1009.8,0.0,350.0,719.4,0.477,0.61,176.8,287.87,344.0,20,3,3,9,-0.866,0.5,0.4339,-0.901,349,332,345,338.7,340.3,347.1,183.8,299.1
2026-09-03 21:00:00+00:00,Ghaziabad,28.6692,77.4538,347,180.3,298.1,110.5,22.2,3.96,19.5,25.1,70.9,7.1,298.4,1010.5,0.0,350.0,690.3,0.522,0.605,182.0,298.47,348.0,21,3,3,9,-0.7071,0.7071,0.4339,-0.901,348,335,346,344.0,340.8,345.2,181.9,298.2
2026-09-03 22:00:00+00:00,Ghaziabad,28.6692,77.4538,405,256.8,428.0,84.6,24.1,3.0,17.6,22.8,71.9,4.3,308.1,1010.8,0.0,350.0,418.1,0.641,0.6,206.33,341.43,366.7,22,3,3,9,-0.5,0.866,0.4339,-0.901,347,349,335,348.0,341.0,344.7,180.3,298.1
2026-09-03 23:00:00+00:00,Ghaziabad,28.6692,77.4538,436,292.4,491.0,85.3,24.0,3.0,19.1,22.4,80.2,4.4,310.4,1011.8,0.0,350.0,427.8,0.692,0.596,243.17,405.7,396.0,23,3,3,9,-0.2588,0.9659,0.4339,-0.901,405,348,332,366.7,352.7,349.3,256.8,428.0
2026-09-04 00:00:00+00:00,Ghaziabad,28.6692,77.4538,448,302.2,510.8,85.2,24.0,3.0,18.0,21.1,79.9,4.1,314.7,1011.6,0.0,350.0,398.6,0.702,0.592,283.8,476.6,429.7,0,4,4,9,0.0,1.0,-0.4339,-0.901,436,347,335,396.0,370.0,355.6,292.4,491.0
2026-09-04 01:00:00+00:00,Ghaziabad,28.6692,77.4538,466,318.4,540.9,61.1,24.5,2.15,16.7,20.5,83.3,3.5,316.4,1011.7,0.0,350.0,340.3,0.749,0.589,304.33,514.23,450.0,1,4,4,9,0.2588,0.9659,-0.4339,-0.901,448,405,349,429.7,388.8,364.8,302.2,510.8
2026-09-04 02:00:00+00:00,Ghaziabad,28.6692,77.4538,492,343.4,585.5,64.5,25.9,2.27,18.9,20.5,83.7,2.4,317.0,1011.2,0.0,350.0,233.3,0.795,0.587,321.33,545.73,468.7,2,4,4,9,0.5,0.866,-0.4339,-0.901,466,436,348,450.0,408.3,374.3,318.4,540.9
2026-09-04 03:00:00+00:00,Ghaziabad,28.6692,77.4538,466,317.0,541.6,58.7,23.6,2.07,16.2,20.7,82.6,2.6,305.4,1010.2,0.0,350.0,252.8,0.78,0.585,326.27,556.0,474.7,3,4,4,9,0.7071,0.7071,-0.4339,-0.901,492,448,347,468.7,432.3,386.6,343.4,585.5
2026-09-04 04:00:00+00:00,Ghaziabad,28.6692,77.4538,451,301.6,515.7,55.6,22.3,1.96,19.9,20.8,83.4,3.3,301.9,1009.9,0.0,350.0,320.8,0.757,0.585,320.67,547.6,469.7,4,4,4,9,0.866,0.5,-0.4339,-0.901,466,466,405,474.7,452.2,396.6,317.0,541.6
2026-09-04 05:00:00+00:00,Ghaziabad,28.6692,77.4538,460,311.5,532.2,82.4,23.2,2.9,18.2,22.0,79.2,4.4,305.5,1009.7,0.0,350.0,427.8,0.685,0.585,310.03,529.83,459.0,5,4,4,9,0.9659,0.2588,-0.4339,-0.901,451,492,436,469.7,459.8,406.2,301.6,515.7
2026-09-04 06:00:00+00:00,Ghaziabad,28.6692,77.4538,436,287.2,489.7,83.7,23.8,2.96,17.5,23.0,74.8,5.0,298.1,1009.5,0.0,350.0,486.1,0.632,0.586,300.1,512.53,449.0,6,4,4,9,1.0,0.0,-0.4339,-0.901,460,466,448,459.0,463.8,416.9,311.5,532.2
2026-09-04 07:00:00+00:00,Ghaziabad,28.6692,77.4538,373,215.1,365.3,79.0,23.0,2.83,18.4,25.6,69.3,6.0,298.5,1009.5,0.0,482.3,803.8,0.555,0.589,271.27,462.4,423.0,7,4,4,9,0.9659,-0.2588,-0.4339,-0.901,436,451,466,449.0,461.8,425.3,287.2,489.7
2026-09-04 08:00:00+00:00,Ghaziabad,28.6692,77.4538,362,199.9,337.9,102.0,22.0,3.65,26.9,26.5,62.2,6.8,279.0,1010.0,0.0,628.0,1186.2,0.476,0.592,234.07,397.63,390.3,8,4,4,9,0.866,-0.5,-0.4339,-0.901,373,460,492,423.0,446.3,427.3,215.1,365.3
2026-09-04 09:00:00+00:00,Ghaziabad,28.6692,77.4538,369,209.7,352.1,110.7,23.9,3.96,38.2,27.8,59.9,7.9,279.0,1010.7,0.0,753.5,1653.5,0.417,0.596,208.23,351.77,368.0,9,4,4,9,0.7071,-0.7071,-0.4339,-0.901,362,436,466,390.3,424.7,428.5,199.9,337.9
2026-09-04 10:00:00+00:00,Ghaziabad,28.6692,77.4538,347,180.7,301.2,99.1,21.4,3.55,50.1,29.5,52.6,9.1,288.7,1010.8,0.0,884.2,2235.1,0.32,0.6,196.77,330.4,359.3,10,4,4,9,0.5,-0.866,-0.4339,-0.901,369,373,451,368.0,408.5,430.3,209.7,352.1
2026-09-04 11:00:00+00:00,Ghaziabad,28.6692,77.4538,346,180.2,297.9,76.1,22.2,2.73,56.2,30.2,50.5,9.8,282.0,1011.3,0.0,958.7,2609.8,0.278,0.605,190.2,317.07,354.0,11,4,4,9,0.2588,-0.9659,-0.4339,-0.901,347,362,460,359.3,391.2,425.5,180.7,301.2
2026-09-04 12:00:00+00:00,Ghaziabad,28.6692,77.4538,350,185.0,303.4,81.2,23.7,2.91,62.2,32.4,47.2,11.5,270.4,1011.8,0.0,1001.1,3198.0,0.188,0.61,181.97,300.83,347.7,12,4,4,9,0.0,-1.0,-0.4339,-0.901,346,369,436,354.0,372.2,418.0,180.2,297.9
2026-09-04 13:00:00+00:00,Ghaziabad,28.6692,77.4538,349,183.5,298.6,83.4,24.3,2.98,65.2,31.6,44.4,12.8,287.9,1011.3,0.0,996.0,3541.3,0.117,0.615,182.9,299.97,348.3,13,4,4,9,-0.2588,-0.9659,-0.4339,-0.901,350,347,373,347.7,357.8,409.8,185.0,303.4
2026-09-04 14:00:00+00:00,Ghaziabad,28.6692,77.4538,343,175.8,284.2,82.0,23.9,2.94,59.7,33.0,45.6,11.4,285.2,1011.0,0.0,922.6,2921.6,0.181,0.619,181.43,295.4,347.3,14,4,4,9,-0.5,-0.866,-0.4339,-0.901,349,346,362,348.3,353.8,400.1,183.5,298.6
2026-09-04 15:00:00+00:00,Ghaziabad,28.6692,77.4538,330,158.8,255.7,75.4,22.0,2.7,54.8,32.2,45.1,11.3,282.1,1010.3,0.0,819.8,2573.3,0.182,0.621,172.7,279.5,340.7,15,4,4,9,-0.7071,-0.7071,-0.4339,-0.901,343,350,369,347.3,350.7,387.7,175.8,284.2
2026-09-04 16:00:00+00:00,Ghaziabad,28.6692,77.4538,338,168.8,271.4,80.7,23.5,2.89,41.1,31.7,46.3,10.7,279.4,1009.9,0.0,678.4,2016.4,0.214,0.622,167.8,270.43,337.0,16,4,4,9,-0.866,-0.5,-0.4339,-0.901,330,349,347,340.7,344.2,376.3,158.8,255.7
2026-09-04 17:00:00+00:00,Ghaziabad,28.6692,77.4538,338,169.5,272.9,80.5,23.5,2.88,31.7,31.2,49.9,9.9,290.8,1009.2,0.0,514.1,1413.8,0.27,0.621,165.7,266.67,335.3,17,4,4,9,-0.9659,-0.2588,-0.4339,-0.901,338,343,346,337.0,342.7,366.9,168.8,271.4
2026-09-04 18:00:00+00:00,Ghaziabad,28.6692,77.4538,329,157.3,254.3,106.5,21.4,3.81,18.1,30.1,55.4,10.0,295.4,1009.2,0.0,350.0,972.2,0.303,0.619,165.2,266.2,335.0,18,4,4,9,-1.0,-0.0,-0.4339,-0.901,338,330,350,335.3,341.3,356.8,169.5,272.9
2026-09-04 19:00:00+00:00,Ghaziabad,28.6692,77.4538,347,181.0,294.6,119.3,24.0,4.27,19.0,27.6,60.3,9.2,296.5,1009.5,0.0,350.0,894.4,0.367,0.614,169.27,273.93,338.0,19,4,4,9,-0.9659,0.2588,-0.4339,-0.901,329,338,349,335.0,337.8,347.8,157.3,254.3
2026-09-04 20:00:00+00:00,Ghaziabad,28.6692,77.4538,354,190.7,312.7,121.4,24.4,4.35,17.1,26.8,62.0,6.8,302.0,1009.7,0.0,350.0,661.1,0.475,0.61,176.33,287.2,343.3,20,4,4,9,-0.866,0.5,-0.4339,-0.901,347,338,343,338.0,337.5,345.7,181.0,294.6
2026-09-04 21:00:00+00:00,Ghaziabad,28.6692,77.4538,397,246.7,407.8,122.6,24.1,4.34,16.5,25.5,68.7,5.7,309.8,1010.7,0.0,350.0,554.2,0.563,0.605,206.13,338.37,366.0,21,4,4,9,-0.7071,0.7071,-0.4339,-0.901,354,329,330,343.3,339.3,345.0,190.7,312.7
2026-09-04 22:00:00+00:00,Ghaziabad,28.6692,77.4538,392,239.5,399.2,78.9,22.4,2.79,18.6,22.7,74.8,5.6,304.3,1011.0,0.0,350.0,544.4,0.608,0.6,225.63,373.23,381.0,22,4,4,9,-0.5,0.866,-0.4339,-0.901,397,347,338,366.0,350.5,347.3,246.7,407.8
2026-09-04 23:00:00+00:00,Ghaziabad,28.6692,77.4538,446,302.2,507.5,88.2,24.8,3.1,19.0,21.9,79.9,4.2,306.8,1011.4,0.0,350.0,408.3,0.698,0.595,262.8,438.17,411.7,23,4,4,9,-0.2588,0.9659,-0.4339,-0.901,392,354,338,381.0,359.5,351.1,239.5,399.2
2026-09-05 00:00:00+00:00,Ghaziabad,28.6692,77.4538,438,292.0,493.4,82.3,23.1,2.9,17.2,21.2,82.7,3.6,307.4,1011.7,0.0,350.0,350.0,0.741,0.592,277.9,466.7,425.3,0,5,5,9,0.0,1.0,-0.9749,-0.2225,446,397,329,411.7,377.5,359.4,302.2,507.5
2026-09-05 01:00:00+00:00,Ghaziabad,28.6692,77.4538,472,325.1,552.3,62.4,25.0,2.2,17.8,20.5,84.3,3.6,316.6,1011.6,0.0,350.0,350.0,0.751,0.589,306.43,517.73,452.0,1,5,5,9,0.2588,0.9659,-0.9749,-0.2225,438,392,347,425.3,395.7,366.8,292.0,493.4
2026-09-05 02:00:00+00:00,Ghaziabad,28.6692,77.4538,470,322.1,549.1,60.5,24.3,2.13,18.8,20.8,82.3,2.4,306.0,1011.0,0.0,350.0,233.3,0.786,0.587,313.07,531.6,460.0,2,5,5,9,0.5,0.866,-0.9749,-0.2225,472,446,354,452.0,416.5,377.0,325.1,552.3
2026-09-05 03:00:00+00:00,Ghaziabad,28.6692,77.4538,454,305.3,521.8,56.6,22.7,1.99,19.7,21.0,81.6,4.1,295.7,1010.3,0.0,350.0,398.6,0.713,0.585,317.5,541.07,465.3,3,5,5,9,0.7071,0.7071,-0.9749,-0.2225,470,438,397,460.0,435.8,387.6,322.1,549.1
2026-09-05 04:00:00+00:00,Ghaziabad,28.6692,77.4538,468,319.1,545.8,58.9,23.6,2.07,19.9,21.2,79.1,3.0,294.1,1009.6,0.0,350.0,291.7,0.741,0.585,315.5,538.9,464.0,4,5,5,9,0.866,0.5,-0.9749,-0.2225,454,472,392,465.3,445.3,397.9,305.3,521.8
2026-09-05 05:00:00+00:00,Ghaziabad,28.6692,77.4538,489,340.3,581.5,90.1,25.3,3.17,18.6,22.4,78.2,4.7,300.8,1009.7,0.0,350.0,456.9,0.667,0.585,321.57,549.7,470.3,5,5,5,9,0.9659,0.2588,-0.9749,-0.2225,468,470,446,464.0,458.0,408.8,319.1,545.8
2026-09-05 06:00:00+00:00,Ghaziabad,28.6692,77.4538,414,265.1,451.9,77.3,22.0,2.74,18.4,23.4,72.5,5.6,301.1,1009.2,0.0,350.0,544.4,0.593,0.587,308.17,526.4,457.0,6,5,5,9,1.0,0.0,-0.9749,-0.2225,489,454,438,470.3,465.2,421.3,340.3,581.5
2026-09-05 07:00:00+00:00,Ghaziabad,28.6692,77.4538,406,258.0,438.2,76.8,21.9,2.72,16.6,25.0,67.8,5.7,281.8,1009.3,0.0,484.7,767.4,0.557,0.589,287.8,490.53,436.3,7,5,5,9,0.9659,-0.2588,-0.9749,-0.2225,414,468,472,457.0,461.2,428.4,265.1,451.9
2026-09-05 08:00:00+00:00,Ghaziabad,28.6692,77.4538,369,210.2,355.3,107.2,23.2,3.84,28.6,27.3,65.4,7.2,285.4,1010.0,0.0,617.9,1235.8,0.481,0.592,244.43,415.13,396.3,8,5,5,9,0.866,-0.5,-0.9749,-0.2225,406,489,470,436.3,450.2,433.3,258.0,438.2
2026-09-05 09:00:00+00:00,Ghaziabad,28.6692,77.4538,360,197.6,331.9,104.3,22.5,3.73,41.2,27.4,56.8,8.2,291.0,1010.7,0.0,767.4,1748.0,0.384,0.595,221.93,375.13,378.3,9,5,5,9,0.7071,-0.7071,-0.9749,-0.2225,369,414,454,396.3,433.3,434.6,210.2,355.3
2026-09-05 10:00:00+00:00,Ghaziabad,28.6692,77.4538,352,187.5,312.6,102.8,22.2,3.68,48.6,29.1,54.5,9.1,290.6,1011.1,0.0,873.8,2208.8,0.333,0.6,198.43,333.27,360.3,10,5,5,9,0.5,-0.866,-0.9749,-0.2225,360,406,468,378.3,417.7,431.5,197.6,331.9
2026-09-05 11:00:00+00:00,Ghaziabad,28.6692,77.4538,362,201.1,332.5,85.0,24.8,3.04,60.6,30.1,47.7,10.3,289.5,1011.7,0.0,975.8,2791.9,0.239,0.605,195.4,325.67,358.0,11,5,5,9,0.2588,-0.9659,-0.9749,-0.2225,352,369,489,360.3,398.3,428.2,187.5,312.6
2026-09-05 12:00:00+00:00,Ghaziabad,28.6692,77.4538,353,188.2,308.5,82.6,24.1,2.96,64.1,32.2,47.1,11.8,289.3,1011.7,0.0,1001.7,3283.4,0.175,0.61,192.27,317.87,355.7,12,5,5,9,0.0,-1.0,-0.9749,-0.2225,362,360,414,358.0,377.2,421.2,201.1,332.5
2026-09-05 13:00:00+00:00,Ghaziabad,28.6692,77.4538,334,163.6,266.2,74.3,21.7,2.66,63.0,33.0,44.5,11.8,282.2,1011.3,0.0,995.4,3262.7,0.158,0.615,184.3,302.4,349.7,13,5,5,9,-0.2588,-0.9659,-0.9749,-0.2225,353,352,406,355.7,367.0,414.1,188.2,308.5
2026-09-05 14:00:00+00:00,Ghaziabad,28.6692,77.4538,348,182.0,294.3,85.0,24.8,3.04,59.9,32.7,46.5,12.4,276.6,1011.0,0.0,917.7,3161.0,0.147,0.618,177.93,289.67,345.0,14,5,5,9,-0.5,-0.866,-0.9749,-0.2225,334,362,369,349.7,355.0,402.6,163.6,266.2
2026-09-05 15:00:00+00:00,Ghaziabad,28.6692,77.4538,343,175.3,282.3,83.3,24.3,2.98,51.1,31.5,46.3,11.3,276.3,1010.6,0.0,814.4,2556.3,0.19,0.621,173.63,280.93,341.7,15,5,5,9,-0.7071,-0.7071,-0.9749,-0.2225,348,353,360,345.0,351.5,392.4,182.0,294.3
2026-09-05 16:00:00+00:00,Ghaziabad,28.6692,77.4538,126,72.876,118.384,72.6,22.4,2.67,44.4,32.4,46.6,11.1,295.4,1009.8,3.7,677.4,2088.6,0.2,0.616,143.39,231.66,272.3,16,5,5,9,-0.866,-0.5,-0.9749,-0.2225,343,334,352,341.7,348.7,383.2,175.3,282.3
2026-09-05 17:00:00+00:00,Ghaziabad,28.6692,77.4538,270,111.1,178.9,71.8,21.5,2.6,31.1,30.7,48.4,11.2,298.6,1009.3,1.7,516.5,1606.9,0.208,0.621,119.76,193.19,246.3,17,5,5,9,-0.9659,-0.2588,-0.9749,-0.2225,126,348,362,272.3,311.0,354.7,72.88,118.38
2026-09-05 18:00:00+00:00,Ghaziabad,28.6692,77.4538,192,87.7,141.8,108.7,22.9,3.98,18.2,28.9,52.0,10.6,298.5,1009.4,2.8,350.0,1030.6,0.256,0.618,90.56,146.36,196.0,18,5,5,9,-1.0,-0.0,-0.9749,-0.2225,270,343,353,246.3,295.7,336.4,111.1,178.9
2026-09-05 19:00:00+00:00,Ghaziabad,28.6692,77.4538,145,73.8,120.1,108.3,23.1,3.98,18.0,27.3,58.7,8.9,298.7,1009.8,3.5,350.0,865.3,0.369,0.614,90.87,146.93,202.3,19,5,5,9,-0.9659,0.2588,-0.9749,-0.2225,192,126,334,196.0,268.8,317.9,87.7,141.8
2026-09-05 20:00:00+00:00,Ghaziabad,28.6692,77.4538,337,167.5,274.7,106.6,21.5,3.82,19.2,27.3,66.1,7.1,296.9,1009.9,0.0,350.0,690.3,0.49,0.61,109.67,178.87,224.7,20,5,5,9,-0.866,0.5,-0.9749,-0.2225,145,270,348,202.3,237.3,296.2,73.8,120.1
2026-09-05 21:00:00+00:00,Ghaziabad,28.6692,77.4538,345,177.7,293.7,108.9,21.9,3.9,19.9,24.9,69.4,6.3,303.5,1010.6,0.0,350.0,612.5,0.544,0.605,139.67,229.5,275.7,21,5,5,9,-0.7071,0.7071,-0.9749,-0.2225,337,192,343,224.7,235.5,293.5,167.5,274.7
2026-09-05 22:00:00+00:00,Ghaziabad,28.6692,77.4538,405,256.8,428.0,84.6,24.1,2.99,17.3,23.8,73.8,5.6,298.2,1010.9,0.0,350.0,544.4,0.601,0.6,200.67,332.13,362.3,22,5,5,9,-0.5,0.866,-0.9749,-0.2225,345,145,126,275.7,235.8,292.2,177.7,293.7
2026-09-05 23:00:00+00:00,Ghaziabad,28.6692,77.4538,443,299.0,502.1,87.2,24.5,3.07,17.5,22.4,76.9,4.4,304.2,1011.5,0.0,350.0,427.8,0.67,0.595,244.5,407.93,397.7,23,5,5,9,-0.2588,0.9659,-0.9749,-0.2225,405,337,270,362.3,282.3,296.7,256.8,428.0
2026-09-06 00:00:00+00:00,Ghaziabad,28.6692,77.4538,439,293.2,495.6,82.7,23.2,2.91,16.7,21.3,79.9,4.0,307.4,1011.9,0.0,350.0,388.9,0.706,0.592,283.0,475.23,429.0,0,6,6,9,0.0,1.0,-0.7818,0.6235,443,345,192,397.7,311.2,303.4,299.0,502.1
2026-09-06 01:00:00+00:00,Ghaziabad,28.6692,77.4538,447,299.5,508.8,57.4,23.1,2.02,17.7,20.1,83.7,2.6,301.5,1011.4,0.0,350.0,252.8,0.787,0.589,297.23,502.17,443.0,1,6,6,9,0.2588,0.9659,-0.7818,0.6235,439,405,145,429.0,352.3,310.6,293.2,495.6
2026-09-06 02:00:00+00:00,Ghaziabad,28.6692,77.4538,451,302.9,516.5,56.9,22.8,2.0,18.0,20.3,82.2,3.9,301.0,1011.3,0.0,350.0,379.2,0.725,0.586,298.53,506.97,445.7,2,6,6,9,0.5,0.866,-0.7818,0.6235,447,443,337,443.0,402.7,320.0,299.5,508.8
2026-09-06 03:00:00+00:00,Ghaziabad,28.6692,77.4538,462,313.4,535.5,58.1,23.3,2.04,18.2,21.5,85.1,3.2,310.0,1010.7,0.0,350.0,311.1,0.773,0.585,305.27,520.27,453.3,3,6,6,9,0.7071,0.7071,-0.7818,0.6235,451,439,345,445.7,421.7,328.6,302.9,516.5
2026-09-06 04:00:00+00:00,Ghaziabad,28.6692,77.4538,473,323.9,554.0,59.8,24.0,2.1,18.5,21.4,80.8,4.0,293.7,1010.1,0.0,350.0,388.9,0.712,0.585,313.4,535.33,462.0,4,6,6,9,0.866,0.5,-0.7818,0.6235,462,447,405,453.3,441.2,338.5,313.4,535.5
2026-09-06 05:00:00+00:00,Ghaziabad,28.6692,77.4538,460,311.2,531.7,82.4,23.2,2.9,16.1,22.2,77.3,4.0,300.1,1009.7,0.0,350.0,388.9,0.689,0.585,316.17,540.4,465.0,5,6,6,9,0.9659,0.2588,-0.7818,0.6235,473,451,443,462.0,452.5,367.4,323.9,554.0
2026-09-06 06:00:00+00:00,Ghaziabad,28.6692,77.4538,408,259.4,442.3,83.3,24.0,2.96,16.7,22.9,75.8,6.2,289.0,1009.3,0.0,350.0,602.8,0.591,0.586,298.17,509.33,447.0,6,6,6,9,1.0,0.0,-0.7818,0.6235,460,462,439,465.0,455.3,383.2,311.2,531.7
2026-09-06 07:00:00+00:00,Ghaziabad,28.6692,77.4538,384,229.1,389.2,84.1,24.5,3.01,17.5,25.4,68.5,6.7,290.9,1009.6,0.0,483.6,900.0,0.522,0.589,266.57,454.4,417.3,7,6,6,9,0.9659,-0.2588,-0.7818,0.6235,408,473,447,447.0,450.2,401.2,259.4,442.3
2026-09-06 08:00:00+00:00,Ghaziabad,28.6692,77.4538,365,204.2,345.0,104.1,22.5,3.73,28.3,26.2,64.7,6.8,280.9,1010.1,0.0,620.1,1171.3,0.493,0.592,230.9,392.17,385.7,8,6,6,9,0.866,-0.5,-0.7818,0.6235,384,460,451,417.3,439.7,421.2,229.1,389.2
2026-09-06 09:00:00+00:00,Ghaziabad,28.6692,77.4538,359,196.6,330.2,103.8,22.4,3.72,37.2,28.2,60.6,7.8,277.6,1010.3,0.0,750.4,1625.9,0.425,0.595,209.97,354.8,369.3,9,6,6,9,0.7071,-0.7071,-0.7818,0.6235,365,408,462,385.7,425.3,423.5,204.2,345.0
2026-09-06 10:00:00+00:00,Ghaziabad,28.6692,77.4538,354,190.7,317.9,104.6,22.6,3.74,49.2,29.1,54.7,9.3,280.9,1011.3,0.0,872.7,2254.5,0.326,0.6,197.17,331.03,359.3,10,6,6,9,0.5,-0.866,-0.7818,0.6235,359,384,473,369.3,408.2,424.7,196.6,330.2
2026-09-06 11:00:00+00:00,Ghaziabad,28.6692,77.4538,356,192.3,317.9,81.3,23.7,2.91,59.9,31.5,49.4,10.0,271.0,1011.7,0.0,965.4,2681.7,0.263,0.605,193.2,322.0,356.3,11,6,6,9,0.2588,-0.9659,-0.7818,0.6235,354,365,460,359.3,388.3,420.4,190.7,317.9
2026-09-06 12:00:00+00:00,Ghaziabad,28.6692,77.4538,355,191.3,313.7,84.0,24.5,3.01,64.8,32.0,44.6,10.7,272.1,1011.4,0.0,1017.5,3024.2,0.203,0.61,191.43,316.5,355.0,12,6,6,9,0.0,-1.0,-0.7818,0.6235,356,359,408,356.3,371.0,413.2,192.3,317.9
2026-09-06 13:00:00+00:00,Ghaziabad,28.6692,77.4538,335,164.7,268.0,74.8,21.8,2.68,65.333,31.5,44.2,12.4,272.2,1011.4,0.0,997.2,3434.8,0.132,0.615,182.77,299.87,348.7,13,6,6,9,-0.2588,-0.9659,-0.7818,0.6235,355,354,384,355.0,362.2,406.2,191.3,313.7
2026-09-06 14:00:00+00:00,Ghaziabad,28.6692,77.4538,331,159.7,258.2,74.5,21.7,2.67,63.1,33.1,43.0,11.5,277.7,1011.2,0.0,936.9,2992.9,0.16,0.619,171.9,279.97,340.3,14,6,6,9,-0.5,-0.866,-0.7818,0.6235,335,356,365,348.7,354.0,396.8,164.7,268.0
2026-09-06 15:00:00+00:00,Ghaziabad,28.6692,77.4538,346,179.4,288.9,85.2,24.9,3.05,53.4,31.5,45.5,12.6,280.9,1010.5,0.0,818.0,2863.0,0.133,0.621,167.93,271.7,337.3,15,6,6,9,-0.7071,-0.7071,-0.7818,0.6235,331,355,359,340.3,348.3,386.8,159.7,258.2
2026-09-06 16:00:00+00:00,Ghaziabad,28.6692,77.4538,337,168.3,270.7,80.4,23.5,2.88,43.4,31.3,46.4,12.3,291.5,1009.7,0.0,678.1,2316.8,0.151,0.622,169.13,272.6,338.0,16,6,6,9,-0.866,-0.5,-0.7818,0.6235,346,335,354,337.3,346.2,377.2,179.4,288.9
2026-09-06 17:00:00+00:00,Ghaziabad,28.6692,77.4538,333,162.7,261.9,77.3,22.5,2.77,30.4,31.0,50.2,10.7,293.9,1009.3,0.0,513.6,1526.5,0.24,0.621,170.13,273.83,338.7,17,6,6,9,-0.9659,-0.2588,-0.7818,0.6235,337,331,356,338.0,343.3,365.8,168.3,270.7
2026-09-06 18:00:00+00:00,Ghaziabad,28.6692,77.4538,328,156.1,252.4,105.7,21.3,3.78,19.3,30.0,53.7,9.5,290.2,1009.2,0.0,350.0,923.6,0.311,0.618,162.37,261.67,332.7,18,6,6,9,-1.0,-0.0,-0.7818,0.6235,333,346,355,338.7,339.5,355.2,162.7,261.9
2026-09-06 19:00:00+00:00,Ghaziabad,28.6692,77.4538,351,186.8,303.9,122.6825,24.8,4.358249999999999,17.9,28.6,58.0,8.6,289.0,1009.7,0.0,350.0,836.1,0.376,0.615,168.53,272.73,337.3,19,6,6,9,-0.9659,0.2588,-0.7818,0.6235,328,337,335,332.7,335.0,348.6,156.1,252.4
2026-09-06 20:00:00+00:00,Ghaziabad,28.6692,77.4538,344,176.7,289.8,112.5,22.6,4.03,17.6,25.7,63.7,7.1,297.1,1009.6,0.0,350.0,690.3,0.474,0.61,173.2,282.03,341.0,20,6,6,9,-0.866,0.5,-0.7818,0.6235,351,333,331,337.3,337.7,345.8,186.8,303.9
2026-09-06 21:00:00+00:00,Ghaziabad,28.6692,77.4538,391,238.9,395.0,118.7,23.3,4.2,17.1,25.0,68.7,5.7,310.3,1010.4,0.0,350.0,554.2,0.563,0.605,200.8,329.57,362.0,21,6,6,9,-0.7071,0.7071,-0.7818,0.6235,344,328,346,341.0,339.8,344.1,176.7,289.8
2026-09-06 22:00:00+00:00,Ghaziabad,28.6692,77.4538,408,261.0,435.0,86.0,24.5,3.04,17.1,23.4,72.7,5.8,316.2,1011.3,0.0,350.0,563.9,0.586,0.6,225.53,373.27,381.0,22,6,6,9,-0.5,0.866,-0.7818,0.6235,391,351,337,362.0,347.3,346.8,238.9,395.0
2026-09-06 23:00:00+00:00,Ghaziabad,28.6692,77.4538,428,283.8,476.6,82.8,23.3,2.92,18.5,22.6,79.7,4.1,316.6,1011.3,0.0,350.0,398.6,0.701,0.595,261.23,435.53,409.0,23,6,6,9,-0.2588,0.9659,-0.7818,0.6235,408,344,333,381.0,359.2,351.2,261.0,435.0
2026-09-07 00:00:00+00:00,Ghaziabad,28.6692,77.4538,428,282.1,476.6,79.5,22.4,2.8,18.1,21.5,80.2,3.8,303.8,1011.4,0.0,350.0,369.4,0.716,0.592,275.63,462.73,421.3,0,7,0,9,0.0,1.0,0.0,1.0,428,391,328,409.0,375.0,357.2,283.8,476.6
2026-09-07 01:00:00+00:00,Ghaziabad,28.6692,77.4538,447,299.4,508.5,57.4,23.1,2.02,16.6,20.2,81.3,2.7,313.8,1011.7,0.0,350.0,262.5,0.767,0.589,288.43,487.23,434.3,1,7,0,9,0.2588,0.9659,0.0,1.0,428,408,351,421.3,391.7,363.3,282.1,476.6
2026-09-07 02:00:00+00:00,Ghaziabad,28.6692,77.4538,466,317.6,541.5,59.6,24.0,2.1,19.2,20.5,83.2,2.6,314.0,1011.4,0.0,350.0,252.8,0.784,0.587,299.7,508.87,447.0,2,7,0,9,0.5,0.866,0.0,1.0,447,428,344,434.3,407.7,372.7,299.4,508.5
2026-09-07 03:00:00+00:00,Ghaziabad,28.6692,77.4538,451,301.5,515.2,55.9,22.4,1.97,17.9,20.4,85.0,4.1,296.7,1010.7,0.0,350.0,398.6,0.736,0.585,306.17,521.73,454.7,3,7,0,9,0.7071,0.7071,0.0,1.0,466,428,391,447.0,428.0,383.9,317.6,541.5
2026-09-07 04:00:00+00:00,Ghaziabad,28.6692,77.4538,488,339.1,579.9,62.5,25.1,2.2,17.0,20.8,83.0,4.2,309.1,1009.7,0.0,350.0,408.3,0.719,0.585,319.4,545.53,468.3,4,7,0,9,0.866,0.5,0.0,1.0,451,447,408,454.7,438.0,392.7,301.5,515.2
2026-09-07 05:00:00+00:00,Ghaziabad,28.6692,77.4538,487,337.8,577.2,89.4,25.1,3.15,18.1,22.7,77.9,4.8,289.6,1009.4,0.0,350.0,466.7,0.661,0.585,326.13,557.43,475.3,5,7,0,9,0.9659,0.2588,0.0,1.0,488,466,428,468.3,451.3,405.2,339.1,579.9
2026-09-07 06:00:00+00:00,Ghaziabad,28.6692,77.4538,441,292.4,498.5,85.2,24.3,3.02,16.2,24.3,73.9,5.6,291.2,1009.2,0.0,350.0,544.4,0.602,0.587,323.1,551.87,472.0,6,7,0,9,1.0,0.0,0.0,1.0,487,451,428,475.3,461.2,418.1,337.8,577.2
2026-09-07 07:00:00+00:00,Ghaziabad,28.6692,77.4538,445,297.8,505.8,88.7,25.2,3.14,19.5,25.6,69.3,5.8,293.9,1009.3,0.0,482.3,777.0,0.563,0.589,309.33,527.17,457.7,7,7,0,9,0.9659,-0.2588,0.0,1.0,441,488,447,472.0,463.3,427.5,292.4,498.5
2026-09-07 08:00:00+00:00,Ghaziabad,28.6692,77.4538,363,202.1,341.6,103.1,22.3,3.69,26.7,26.0,62.1,7.8,284.0,1009.7,0.0,628.3,1361.3,0.435,0.592,264.1,448.63,416.3,8,7,0,9,0.866,-0.5,0.0,1.0,445,487,466,457.7,463.0,435.3,297.8,505.8
2026-09-07 09:00:00+00:00,Ghaziabad,28.6692,77.4538,366,205.7,345.4,108.6,23.5,3.89,39.0,28.5,56.4,7.7,290.1,1010.5,0.0,769.2,1645.2,0.401,0.596,235.2,397.6,391.3,9,7,0,9,0.7071,-0.7071,0.0,1.0,363,441,451,416.3,445.8,436.9,202.1,341.6
2026-09-07 10:00:00+00:00,Ghaziabad,28.6692,77.4538,370,210.5,350.8,115.4,24.9,4.13,50.5,28.8,52.3,8.9,284.4,1011.4,0.0,885.9,2190.1,0.326,0.6,206.1,345.93,366.3,10,7,0,9,0.5,-0.866,0.0,1.0,366,445,488,391.3,431.7,434.8,205.7,345.4
2026-09-07 11:00:00+00:00,Ghaziabad,28.6692,77.4538,346,179.4,296.6,75.8,22.1,2.71,59.4,30.0,50.6,11.1,286.3,1011.3,0.0,958.1,2954.1,0.227,0.605,198.53,330.93,360.7,11,7,0,9,0.2588,-0.9659,0.0,1.0,370,363,487,366.3,412.0,431.7,210.5,350.8
2026-09-07 12:00:00+00:00,Ghaziabad,28.6692,77.4538,351,185.8,304.7,81.6,23.8,2.92,62.0,32.2,48.0,12.0,278.8,1011.5,0.0,996.0,3320.0,0.173,0.61,191.9,317.37,355.7,12,7,0,9,0.0,-1.0,0.0,1.0,346,366,441,360.7,388.5,424.8,179.4,296.6
2026-09-07 13:00:00+00:00,Ghaziabad,28.6692,77.4538,346,179.8,292.6,81.7,23.8,2.92,62.1,31.7,46.7,11.8,279.3,1011.4,0.0,981.9,3218.4,0.173,0.614,181.67,297.97,347.7,13,7,0,9,-0.2588,-0.9659,0.0,1.0,351,370,445,355.7,373.5,418.4,185.8,304.7
2026-09-07 14:00:00+00:00,Ghaziabad,28.6692,77.4538,347,180.9,292.5,84.5,24.6,3.02,61.9,32.0,43.2,12.5,277.5,1011.3,0.0,935.8,3249.3,0.121,0.618,182.17,296.6,348.0,14,7,0,9,-0.5,-0.866,0.0,1.0,346,346,363,347.7,357.0,410.0,179.8,292.6
2026-09-07 15:00:00+00:00,Ghaziabad,28.6692,77.4538,326,153.4,247.0,72.9,21.3,2.61,54.9,31.6,43.0,11.4,279.7,1010.4,0.0,829.2,2625.8,0.164,0.621,171.37,277.37,339.7,15,7,0,9,-0.7071,-0.7071,0.0,1.0,347,351,366,348.0,354.3,400.1,180.9,292.5
2026-09-07 16:00:00+00:00,Ghaziabad,28.6692,77.4538,330,158.8,255.4,75.9,22.1,2.72,44.2,31.5,45.1,10.4,294.6,1010.1,0.0,682.2,1970.8,0.218,0.622,164.37,264.97,334.3,16,7,0,9,-0.866,-0.5,0.0,1.0,326,346,370,339.7,347.7,389.7,153.4,247.0
2026-09-07 17:00:00+00:00,Ghaziabad,28.6692,77.4538,337,168.1,270.7,79.9,23.3,2.86,30.8,31.0,50.1,10.5,291.6,1009.5,0.0,513.8,1498.6,0.247,0.621,160.1,257.7,331.0,17,7,0,9,-0.9659,-0.2588,0.0,1.0,330,347,346,334.3,341.0,376.5,158.8,255.4
2026-09-07 18:00:00+00:00,Ghaziabad,28.6692,77.4538,345,178.8,289.1,121.0,24.3,4.33,16.5,29.2,54.7,9.0,295.5,1009.0,0.0,350.0,875.0,0.338,0.618,168.57,271.73,337.3,18,7,0,9,-1.0,-0.0,0.0,1.0,337,326,351,331.0,339.5,364.0,168.1,270.7
2026-09-07 19:00:00+00:00,Ghaziabad,28.6692,77.4538,349,183.7,298.9,121.0,24.3,4.33,18.6,28.7,57.3,8.6,290.9,1009.5,0.0,350.0,836.1,0.371,0.615,176.87,286.23,343.7,19,7,0,9,-0.9659,0.2588,0.0,1.0,345,330,346,337.3,338.5,356.0,178.8,289.1
2026-09-07 20:00:00+00:00,Ghaziabad,28.6692,77.4538,337,168.0,275.4,107.0,21.5,3.83,19.7,26.5,65.0,7.0,299.8,1010.0,0.0,350.0,680.6,0.487,0.61,176.83,287.8,343.7,20,7,0,9,-0.866,0.5,0.0,1.0,349,337,347,343.7,339.0,348.0,183.7,298.9
2026-09-07 21:00:00+00:00,Ghaziabad,28.6692,77.4538,348,182.4,301.5,115.1,23.2,4.13,19.8,24.5,69.1,7.1,297.2,1010.7,0.2,350.0,690.3,0.51,0.605,178.03,291.93,344.7,21,7,0,9,-0.7071,0.7071,0.0,1.0,337,345,326,343.7,337.3,345.8,168.0,275.4
2026-09-07 22:00:00+00:00,Ghaziabad,28.6692,77.4538,388,234.9,391.4,77.4,22.0,2.74,16.3,23.4,73.3,5.7,314.5,1011.0,0.0,350.0,554.2,0.594,0.6,195.1,322.77,357.7,22,7,0,9,-0.5,0.866,0.0,1.0,348,349,330,344.7,341.0,344.3,182.4,301.5
2026-09-07 23:00:00+00:00,Ghaziabad,28.6692,77.4538,439,295.2,495.7,86.1,24.2,3.03,16.8,21.9,80.4,5.2,301.4,1011.7,0.0,350.0,505.6,0.661,0.596,237.5,396.2,391.7,23,7,0,9,-0.2588,0.9659,0.0,1.0,388,337,337,357.7,350.7,345.8,234.9,391.4
2026-09-08 00:00:00+00:00,Ghaziabad,28.6692,77.4538,446,299.8,506.7,84.5,23.8,2.98,16.4,21.3,80.1,3.9,303.6,1011.8,0.0,350.0,379.2,0.711,0.592,276.63,464.6,424.3,0,8,1,9,0.0,1.0,0.7818,0.6235,439,348,345,391.7,367.7,353.6,295.2,495.7
2026-09-08 01:00:00+00:00,Ghaziabad,28.6692,77.4538,443,296.1,502.9,56.8,22.8,2.0,16.7,20.9,82.6,3.1,312.8,1011.8,0.0,350.0,301.4,0.76,0.589,297.03,501.77,442.7,1,8,1,9,0.2588,0.9659,0.7818,0.6235,446,388,349,424.3,384.5,361.5,299.8,506.7
2026-09-08 02:00:00+00:00,Ghaziabad,28.6692,77.4538,460,311.9,531.8,58.6,23.5,2.06,17.3,20.3,83.2,2.3,318.0,1011.1,0.0,350.0,223.6,0.796,0.586,302.6,513.8,449.7,2,8,1,9,0.5,0.866,0.7818,0.6235,443,439,337,442.7,400.2,369.6,296.1,502.9
2026-09-08 03:00:00+00:00,Ghaziabad,28.6692,77.4538,484,335.4,573.2,62.1,25.0,2.19,18.4,21.5,82.4,2.9,310.9,1010.5,0.0,350.0,281.9,0.767,0.585,314.47,535.97,462.3,3,8,1,9,0.7071,0.7071,0.7818,0.6235,460,446,348,449.7,420.7,379.0,311.9,531.8
2026-09-08 04:00:00+00:00,Ghaziabad,28.6692,77.4538,498,349.2,596.933,64.4,25.9,2.27,17.8,21.4,79.9,4.1,311.0,1009.8,0.0,350.0,398.6,0.702,0.585,332.17,567.31,480.7,4,8,1,9,0.866,0.5,0.7818,0.6235,484,443,388,462.3,443.3,392.2,335.4,573.2
2026-09-08 05:00:00+00:00,Ghaziabad,28.6692,77.4538,498,349.2165,596.9,92.4,26.0,3.26,17.2,22.1,79.3,5.3,300.8,1009.5,0.0,350.0,515.3,0.65,0.585,344.61,589.01,493.3,5,8,1,9,0.9659,0.2588,0.7818,0.6235,498,460,439,480.7,461.7,406.2,349.2,596.93
2026-09-08 06:00:00+00:00,Ghaziabad,28.6692,77.4538,382,227.0,387.1,81.6,23.8,2.92,17.1,23.2,72.6,6.0,285.4,1009.5,0.0,350.0,583.3,0.577,0.586,308.47,526.98,459.3,6,8,1,9,1.0,0.0,0.7818,0.6235,498,484,446,493.3,471.5,419.6,349.22,596.9
2026-09-08 07:00:00+00:00,Ghaziabad,28.6692,77.4538,370,210.7,357.9,77.4,22.6,2.77,16.6,25.0,69.5,7.2,284.2,1009.2,0.0,482.0,964.0,0.509,0.589,262.31,447.3,416.7,7,8,1,9,0.9659,-0.2588,0.7818,0.6235,382,498,443,459.3,460.8,422.7,227.0,387.1
2026-09-08 08:00:00+00:00,Ghaziabad,28.6692,77.4538,366,206.3,348.6,105.2,22.7,3.77,29.5,26.3,64.4,7.0,293.7,1009.7,0.0,621.1,1207.7,0.483,0.592,214.67,364.53,372.7,8,8,1,9,0.866,-0.5,0.7818,0.6235,370,498,460,416.7,448.7,424.4,210.7,357.9
2026-09-08 09:00:00+00:00,Ghaziabad,28.6692,77.4538,368,208.7,350.5,110.2,23.8,3.94,38.6,28.4,59.9,9.3,277.9,1010.7,0.0,753.5,1946.5,0.361,0.595,208.57,352.33,368.0,9,8,1,9,0.7071,-0.7071,0.7818,0.6235,366,382,484,372.7,433.0,426.8,206.3,348.6
2026-09-08 10:00:00+00:00,Ghaziabad,28.6692,77.4538,348,181.8,303.1,99.7,21.5,3.57,47.2,30.2,54.5,9.4,286.6,1011.1,0.0,873.8,2281.6,0.321,0.6,198.93,334.07,360.7,10,8,1,9,0.5,-0.866,0.7818,0.6235,368,370,498,368.0,413.7,428.5,208.7,350.5
2026-09-08 11:00:00+00:00,Ghaziabad,28.6692,77.4538,360,198.5,328.2,83.9,24.5,3.0,57.2,31.2,49.1,11.3,278.8,1011.8,0.0,967.3,3036.2,0.209,0.605,196.33,327.27,358.7,11,8,1,9,0.2588,-0.9659,0.7818,0.6235,348,366,498,360.7,388.7,425.2,181.8,303.1
2026-09-08 12:00:00+00:00,Ghaziabad,28.6692,77.4538,342,174.7,286.5,76.7,22.4,2.75,61.2,31.9,47.2,10.4,285.5,1011.6,0.0,1001.1,2892.1,0.232,0.61,185.0,305.93,350.0,12,8,1,9,0.0,-1.0,0.7818,0.6235,360,368,382,358.7,365.7,418.6,198.5,328.2
2026-09-08 13:00:00+00:00,Ghaziabad,28.6692,77.4538,347,180.8,294.1,82.1,24.0,2.94,65.3,32.4,42.9,11.9,274.9,1011.3,0.0,1005.2,3322.7,0.143,0.615,184.67,302.93,349.7,13,8,1,9,-0.2588,-0.9659,0.7818,0.6235,342,348,370,350.0,359.0,409.9,174.7,286.5
2026-09-08 14:00:00+00:00,Ghaziabad,28.6692,77.4538,336,166.8,269.7,77.9,22.7,2.79,59.5,32.4,44.5,12.0,276.5,1011.0,0.0,928.6,3095.3,0.15,0.618,174.1,283.43,341.7,14,8,1,9,-0.5,-0.866,0.7818,0.6235,347,360,366,349.7,355.2,401.9,180.8,294.1
2026-09-08 15:00:00+00:00,Ghaziabad,28.6692,77.4538,336,166.8,268.6,79.2,23.1,2.84,54.5,31.6,45.0,10.9,282.4,1010.3,0.0,820.2,2483.4,0.197,0.621,171.47,277.47,339.7,15,8,1,9,-0.7071,-0.7071,0.7818,0.6235,336,342,368,341.7,350.2,391.6,166.8,269.7
2026-09-08 16:00:00+00:00,Ghaziabad,28.6692,77.4538,329,157.7,253.5,75.3,22.0,2.7,43.8,31.1,44.9,11.5,287.3,1010.0,0.0,682.8,2181.2,0.173,0.622,163.77,263.93,333.7,16,8,1,9,-0.866,-0.5,0.7818,0.6235,336,347,348,339.7,344.8,379.2,166.8,268.6
2026-09-08 17:00:00+00:00,Ghaziabad,28.6692,77.4538,345,178.1,286.7,84.6,24.7,3.03,28.9,31.1,48.6,9.8,296.7,1009.4,0.0,516.2,1405.2,0.265,0.621,167.53,269.6,336.7,17,8,1,9,-0.9659,-0.2588,0.7818,0.6235,329,336,360,333.7,341.7,365.2,157.7,253.5
2026-09-08 18:00:00+00:00,Ghaziabad,28.6692,77.4538,328,156.8,253.5,106.1,21.3,3.8,17.2,29.8,53.6,9.4,291.4,1009.4,0.0,350.0,913.9,0.315,0.619,164.2,264.57,334.0,18,8,1,9,-1.0,-0.0,0.7818,0.6235,345,336,342,336.7,339.2,352.4,178.1,286.7
2026-09-08 19:00:00+00:00,Ghaziabad,28.6692,77.4538,332,161.6,263.0,106.5,21.4,3.81,19.3,28.8,59.4,9.6,297.7,1009.2,0.0,350.0,933.3,0.345,0.614,165.5,267.73,335.0,19,8,1,9,-0.9659,0.2588,0.7818,0.6235,328,329,347,334.0,336.8,347.9,156.8,253.5
2026-09-08 20:00:00+00:00,Ghaziabad,28.6692,77.4538,337,167.5,274.7,106.7,21.5,3.82,19.8,26.0,63.4,8.0,309.6,1009.7,0.0,350.0,777.8,0.436,0.61,161.97,263.73,332.3,20,8,1,9,-0.866,0.5,0.7818,0.6235,332,345,336,335.0,334.3,344.8,161.6,263.0
2026-09-08 21:00:00+00:00,Ghaziabad,28.6692,77.4538,343,175.8,290.6,107.7,21.7,3.86,17.8,25.6,71.0,7.0,295.9,1010.6,0.0,350.0,680.6,0.527,0.605,168.3,276.1,337.3,21,8,1,9,-0.7071,0.7071,0.7818,0.6235,337,328,336,332.3,334.5,342.3,167.5,274.7
2026-09-08 22:00:00+00:00,Ghaziabad,28.6692,77.4538,395,243.7,406.2,80.3,22.8,2.84,17.9,22.7,72.5,5.3,302.1,1011.1,0.0,350.0,515.3,0.605,0.6,195.67,323.83,358.3,22,8,1,9,-0.5,0.866,0.7818,0.6235,343,332,329,337.3,335.7,340.2,175.8,290.6
2026-09-08 23:00:00+00:00,Ghaziabad,28.6692,77.4538,445,301.4,506.1,87.9,24.7,3.1,16.2,22.6,76.3,4.7,299.9,1011.6,0.0,350.0,456.9,0.654,0.596,240.3,400.97,394.3,23,8,1,9,-0.2588,0.9659,0.7818,0.6235,395,337,345,358.3,346.7,344.2,243.7,406.2
2026-09-02 00:00:00+00:00,Gurugram,28.4595,77.0266,398,247.6,425.9,69.8,15.5,2.43,18.2,21.6,79.6,4.6,304.9,1011.5,0.0,350.0,447.2,0.68,0.581,247.6,425.9,398.0,0,2,2,9,0.0,1.0,0.9749,-0.2225,398,398,398,398.0,398.0,398.0,247.6,425.9
2026-09-02 01:00:00+00:00,Gurugram,28.4595,77.0266,419,266.5,460.8,51.1,16.2,1.78,16.1,21.4,82.0,3.0,303.2,1011.6,0.0,350.0,291.7,0.76,0.578,257.05,443.35,408.5,1,2,2,9,0.2588,0.9659,0.9749,-0.2225,398,398,398,398.0,398.0,398.0,247.6,425.9
2026-09-02 02:00:00+00:00,Gurugram,28.4595,77.0266,416,262.3,455.2,49.2,15.7,1.71,19.0,20.7,82.5,3.2,305.8,1011.2,0.0,350.0,311.1,0.755,0.576,258.8,447.3,411.0,2,2,2,9,0.5,0.866,0.9749,-0.2225,419,398,398,408.5,408.5,408.5,266.5,460.8
2026-09-02 03:00:00+00:00,Gurugram,28.4595,77.0266,425,271.1,471.6,50.2,16.0,1.75,17.8,21.2,81.1,2.4,313.0,1010.3,0.0,350.0,233.3,0.778,0.575,266.63,462.53,420.0,3,2,2,9,0.7071,0.7071,0.9749,-0.2225,416,398,398,411.0,411.0,411.0,262.3,455.2
2026-09-02 04:00:00+00:00,Gurugram,28.4595,77.0266,440,285.1,496.3,52.6,16.7,1.83,18.3,20.9,83.1,3.7,305.3,1010.0,0.0,350.0,359.7,0.739,0.574,272.83,474.37,427.0,4,2,2,9,0.866,0.5,0.9749,-0.2225,425,419,398,420.0,414.5,414.5,271.1,471.6
2026-09-02 05:00:00+00:00,Gurugram,28.4595,77.0266,424,269.9,469.4,71.4,15.9,2.49,18.5,22.0,79.9,4.6,305.2,1009.6,0.0,350.0,447.2,0.682,0.575,275.37,479.1,429.7,5,2,2,9,0.9659,0.2588,0.9749,-0.2225,440,416,398,427.0,419.6,419.6,285.1,496.3
2026-09-02 06:00:00+00:00,Gurugram,28.4595,77.0266,408,254.4,441.5,74.1,16.7,2.6,18.0,22.8,72.2,4.5,291.1,1009.1,0.0,350.0,437.5,0.635,0.576,269.8,469.07,424.0,6,2,2,9,1.0,0.0,0.9749,-0.2225,424,425,398,429.7,420.3,420.3,269.9,469.4
2026-09-02 07:00:00+00:00,Gurugram,28.4595,77.0266,355,191.6,331.2,70.3,16.2,2.49,18.6,24.8,67.4,6.1,284.8,1009.5,0.0,485.4,822.5,0.539,0.579,238.63,414.03,395.7,7,2,2,9,0.9659,-0.2588,0.9749,-0.2225,408,440,419,424.0,422.0,418.6,254.4,441.5
2026-09-02 08:00:00+00:00,Gurugram,28.4595,77.0266,346,179.2,308.2,91.3,15.6,3.23,26.0,27.3,64.3,7.5,280.3,1009.8,0.0,621.4,1294.6,0.462,0.581,208.4,360.3,369.7,8,2,2,9,0.866,-0.5,0.9749,-0.2225,355,424,416,395.7,411.3,410.6,191.6,331.2
2026-09-02 09:00:00+00:00,Gurugram,28.4595,77.0266,342,174.7,298.5,92.2,15.8,3.26,39.5,27.8,56.4,7.9,290.7,1010.8,0.0,769.2,1688.0,0.393,0.585,181.83,312.63,347.7,9,2,2,9,0.7071,-0.7071,0.9749,-0.2225,346,408,425,369.7,399.7,403.4,179.2,308.2
2026-09-02 10:00:00+00:00,Gurugram,28.4595,77.0266,327,155.4,263.6,85.2,14.6,3.02,50.4,29.8,53.6,10.4,281.8,1010.8,0.0,878.7,2538.5,0.275,0.59,169.77,290.1,338.3,10,2,2,9,0.5,-0.866,0.9749,-0.2225,342,355,440,347.7,385.8,397.3,174.7,298.5
2026-09-02 11:00:00+00:00,Gurugram,28.4595,77.0266,337,167.7,282.3,70.8,16.4,2.51,59.6,30.4,48.7,10.8,273.9,1011.5,0.0,969.7,2909.1,0.226,0.594,165.93,281.47,335.3,11,2,2,9,0.2588,-0.9659,0.9749,-0.2225,327,346,424,338.3,367.0,390.9,155.4,263.6
2026-09-02 12:00:00+00:00,Gurugram,28.4595,77.0266,325,152.1,253.8,66.7,15.4,2.36,65.9,31.8,44.7,10.6,285.5,1011.9,0.0,1016.9,2994.2,0.207,0.599,158.4,266.57,329.7,12,2,2,9,0.0,-1.0,0.9749,-0.2225,337,342,408,335.3,352.5,386.4,167.7,282.3
2026-09-02 13:00:00+00:00,Gurugram,28.4595,77.0266,329,158.1,261.9,71.8,16.6,2.54,64.9,31.6,45.8,11.9,290.3,1011.3,0.0,987.4,3263.9,0.163,0.604,159.3,266.0,330.3,13,2,2,9,-0.2588,-0.9659,0.9749,-0.2225,325,327,355,329.7,338.7,380.3,152.1,253.8
2026-09-02 14:00:00+00:00,Gurugram,28.4595,77.0266,319,144.8,238.2,67.5,15.6,2.39,61.8,32.2,46.5,11.9,279.0,1011.3,0.0,917.7,3033.5,0.167,0.608,151.67,251.3,324.3,14,2,2,9,-0.5,-0.866,0.9749,-0.2225,329,337,346,330.3,334.3,372.8,158.1,261.9
2026-09-02 15:00:00+00:00,Gurugram,28.4595,77.0266,322,148.5,243.4,70.5,16.3,2.5,54.7,32.7,43.4,12.5,286.2,1010.4,0.0,827.4,2872.9,0.123,0.61,150.47,247.83,323.3,15,2,2,9,-0.7071,-0.7071,0.9749,-0.2225,319,325,342,324.3,329.8,364.8,144.8,238.2
2026-09-02 16:00:00+00:00,Gurugram,28.4595,77.0266,315,139.4,228.1,66.6,15.4,2.36,42.5,31.2,44.9,10.8,281.6,1009.6,0.0,682.8,2048.4,0.201,0.611,144.23,236.57,318.7,16,2,2,9,-0.866,-0.5,0.9749,-0.2225,322,329,327,323.3,326.5,356.2,148.5,243.4
2026-09-02 17:00:00+00:00,Gurugram,28.4595,77.0266,325,151.9,248.9,72.1,16.7,2.55,32.4,30.8,49.0,11.1,286.9,1009.3,0.0,515.6,1589.8,0.216,0.61,146.6,240.13,320.7,17,2,2,9,-0.9659,-0.2588,0.9749,-0.2225,315,319,337,318.7,324.5,345.8,139.4,228.1
2026-09-02 18:00:00+00:00,Gurugram,28.4595,77.0266,329,157.7,259.5,106.7,17.0,3.78,19.5,29.8,52.0,10.7,300.7,1009.6,0.0,350.0,1040.3,0.252,0.608,149.67,245.5,323.0,18,2,2,9,-1.0,-0.0,0.9749,-0.2225,325,322,325,320.7,322.5,337.5,151.9,248.9
2026-09-02 19:00:00+00:00,Gurugram,28.4595,77.0266,328,156.5,259.1,103.0,16.4,3.65,18.7,27.5,60.7,8.2,303.1,1009.7,0.0,350.0,797.2,0.41,0.604,155.37,255.83,327.3,19,2,2,9,-0.9659,0.2588,0.9749,-0.2225,329,315,329,323.0,323.2,330.9,157.7,259.5
2026-09-02 20:00:00+00:00,Gurugram,28.4595,77.0266,330,158.7,264.9,101.0,16.1,3.58,19.5,26.5,64.4,7.0,300.8,1009.9,0.0,350.0,680.6,0.483,0.599,157.63,261.17,329.0,20,2,2,9,-0.866,0.5,0.9749,-0.2225,328,325,319,327.3,323.0,328.7,156.5,259.1
2026-09-02 21:00:00+00:00,Gurugram,28.4595,77.0266,381,225.0,378.7,110.965,17.4,3.88495,17.3,24.3,69.3,5.9,314.3,1010.4,0.0,350.0,573.6,0.559,0.594,180.07,300.9,346.3,21,2,2,9,-0.7071,0.7071,0.9749,-0.2225,330,329,322,329.0,324.8,327.3,158.7,264.9
2026-09-02 22:00:00+00:00,Gurugram,28.4595,77.0266,400,250.0,424.1,75.7,16.9,2.64,17.4,22.7,75.4,5.7,312.6,1011.1,0.0,350.0,554.2,0.608,0.589,211.23,355.9,370.3,22,2,2,9,-0.5,0.866,0.9749,-0.2225,381,328,315,346.3,334.7,330.6,225.0,378.7
2026-09-02 23:00:00+00:00,Gurugram,28.4595,77.0266,395,243.7,416.5,71.0,15.8,2.48,19.3,21.6,78.3,3.8,308.1,1011.4,0.0,350.0,369.4,0.703,0.585,239.57,406.43,392.0,23,2,2,9,-0.2588,0.9659,0.9749,-0.2225,400,330,325,370.3,348.8,336.7,250.0,424.1
2026-09-03 00:00:00+00:00,Gurugram,28.4595,77.0266,421,269.5,463.6,75.9,16.9,2.65,16.2,21.0,81.7,3.7,309.7,1011.6,0.0,350.0,359.7,0.73,0.581,254.4,434.73,405.3,0,3,3,9,0.0,1.0,0.4339,-0.901,395,381,329,392.0,360.5,341.5,243.7,416.5
2026-09-03 01:00:00+00:00,Gurugram,28.4595,77.0266,419,266.9,461.5,51.2,16.3,1.78,16.0835,20.1,84.7,3.1,302.0,1011.8,0.0,350.0,301.4,0.774,0.578,260.03,447.2,411.7,1,3,3,9,0.2588,0.9659,0.4339,-0.901,421,400,328,405.3,375.8,349.5,269.5,463.6
2026-09-03 02:00:00+00:00,Gurugram,28.4595,77.0266,414,260.2,451.6,48.8,15.5,1.7,19.7,21.2,82.5,3.4,300.6,1011.2,0.0,350.0,330.6,0.747,0.576,265.53,458.9,418.0,2,3,3,9,0.5,0.866,0.4339,-0.901,419,395,330,411.7,391.0,357.0,266.9,461.5
2026-09-03 03:00:00+00:00,Gurugram,28.4595,77.0266,418,264.0,459.1,48.9,15.5,1.7,17.6,20.3,84.1,2.7,303.0,1010.7,0.0,350.0,262.5,0.786,0.575,263.7,457.4,417.0,3,3,3,9,0.7071,0.7071,0.4339,-0.901,414,421,381,418.0,405.0,364.9,260.2,451.6
2026-09-03 04:00:00+00:00,Gurugram,28.4595,77.0266,412,257.8,448.7,47.7505,15.1,1.66835,17.9,21.0,82.3,3.1,305.6,1010.0,0.0,350.0,301.4,0.758,0.575,260.67,453.13,414.7,4,3,3,9,0.866,0.5,0.4339,-0.901,418,419,400,417.0,411.2,372.9,264.0,459.1
2026-09-03 05:00:00+00:00,Gurugram,28.4595,77.0266,447,293.0,509.7,77.5,17.3,2.7,20.0,21.7,76.8,4.7,289.1,1009.6,0.0,350.0,456.9,0.657,0.575,271.6,472.5,425.7,5,3,3,9,0.9659,0.2588,0.4339,-0.901,412,414,395,414.7,413.2,381.0,257.8,448.7
2026-09-03 06:00:00+00:00,Gurugram,28.4595,77.0266,385,231.1,401.0,67.3,15.2,2.36,17.3,23.4,72.2,4.4,292.7,1009.4,0.0,350.0,427.8,0.639,0.576,260.63,453.13,414.7,6,3,3,9,1.0,0.0,0.4339,-0.901,447,418,421,425.7,421.8,391.2,293.0,509.7
2026-09-03 07:00:00+00:00,Gurugram,28.4595,77.0266,362,200.5,346.6,73.6,17.0,2.61,16.6,25.6,67.4,6.9,296.2,1009.2,0.0,485.4,930.4,0.507,0.578,241.53,419.1,398.0,7,3,3,9,0.9659,-0.2588,0.4339,-0.901,385,412,419,414.7,415.8,395.8,231.1,401.0
2026-09-03 08:00:00+00:00,Gurugram,28.4595,77.0266,350,184.3,317.0,94.0,16.1,3.33,26.9,26.5,61.5,7.8,286.3,1010.0,0.0,630.2,1365.4,0.431,0.581,205.3,354.87,365.7,8,3,3,9,0.866,-0.5,0.4339,-0.901,362,447,414,398.0,406.3,398.7,200.5,346.6
2026-09-03 09:00:00+00:00,Gurugram,28.4595,77.0266,348,181.6,310.3,95.8,16.4,3.39,38.7,27.9,59.8,9.4,276.1,1010.3,0.0,753.9,1968.5,0.356,0.585,188.8,324.63,353.3,9,3,3,9,0.7071,-0.7071,0.4339,-0.901,350,385,418,365.7,395.7,400.3,184.3,317.0
2026-09-03 10:00:00+00:00,Gurugram,28.4595,77.0266,328,156.8,266.0,85.9,14.7,3.04,48.3,29.3,56.3,9.4,274.8,1011.0,0.0,863.9,2255.7,0.333,0.589,174.23,297.77,342.0,10,3,3,9,0.5,-0.866,0.4339,-0.901,348,362,412,353.3,384.0,397.6,181.6,310.3
2026-09-03 11:00:00+00:00,Gurugram,28.4595,77.0266,335,165.6,278.6,69.9,16.1,2.48,56.8,30.9,50.4,11.2,284.3,1011.7,0.0,959.3,2984.5,0.221,0.594,168.0,284.97,337.0,11,3,3,9,0.2588,-0.9659,0.4339,-0.901,328,350,447,342.0,370.0,391.6,156.8,266.0
2026-09-03 12:00:00+00:00,Gurugram,28.4595,77.0266,335,165.3,275.9,72.5,16.8,2.57,65.2,31.7,46.7,11.9,275.9,1011.4,0.0,1004.2,3319.4,0.169,0.599,162.57,273.5,332.7,12,3,3,9,0.0,-1.0,0.4339,-0.901,335,348,385,337.0,351.3,386.6,165.6,278.6
2026-09-03 13:00:00+00:00,Gurugram,28.4595,77.0266,332,161.7,267.7,73.4,17.0,2.6,67.13199999999999,32.3,42.7,11.8,282.4,1011.6,0.0,1006.4,3298.8,0.146,0.604,164.2,274.07,334.0,13,3,3,9,-0.2588,-0.9659,0.4339,-0.901,335,328,362,332.7,343.0,379.4,165.3,275.9
2026-09-03 14:00:00+00:00,Gurugram,28.4595,77.0266,324,150.5,247.6,70.2,16.2,2.49,63.3,33.2,42.2,12.7,283.4,1011.0,0.0,941.3,3320.7,0.107,0.608,159.17,263.73,330.3,14,3,3,9,-0.5,-0.866,0.4339,-0.901,332,335,350,334.0,338.0,372.2,161.7,267.7
2026-09-03 15:00:00+00:00,Gurugram,28.4595,77.0266,310,133.1,218.1,63.2,14.6,2.24,51.2,33.0,46.0,10.9,275.7,1010.4,0.0,815.7,2469.8,0.204,0.61,148.43,244.47,322.0,15,3,3,9,-0.7071,-0.7071,0.4339,-0.901,324,335,348,330.3,333.7,364.7,150.5,247.6
2026-09-03 16:00:00+00:00,Gurugram,28.4595,77.0266,321,147.4,241.2,70.4,16.3,2.49,41.1,32.2,46.7,11.7,287.5,1009.8,0.0,677.1,2200.6,0.177,0.611,143.67,235.63,318.3,16,3,3,9,-0.866,-0.5,0.4339,-0.901,310,332,328,322.0,327.3,355.7,133.1,218.1
2026-09-03 17:00:00+00:00,Gurugram,28.4595,77.0266,313,136.8,224.3,65.0,15.0,2.3,31.5,30.8,50.4,10.2,287.3,1009.5,0.0,513.3,1454.4,0.261,0.61,139.1,227.87,314.7,17,3,3,9,-0.9659,-0.2588,0.4339,-0.901,321,324,335,318.3,326.2,348.1,147.4,241.2
2026-09-03 18:00:00+00:00,Gurugram,28.4595,77.0266,313,136.0,223.9,92.0,14.7,3.26,18.8,29.6,53.5,10.0,301.7,1009.4,0.0,350.0,972.2,0.29,0.607,140.07,229.8,315.7,18,3,3,9,-1.0,-0.0,0.4339,-0.901,313,310,335,314.7,322.5,336.9,136.8,224.3
2026-09-03 19:00:00+00:00,Gurugram,28.4595,77.0266,323,149.1,246.9,98.2,15.6,3.48,18.4,28.4,60.6,7.8,290.6,1009.4,0.0,350.0,758.3,0.425,0.604,140.63,231.7,316.3,19,3,3,9,-0.9659,0.2588,0.4339,-0.901,313,321,332,315.7,318.8,330.9,136.0,223.9
2026-09-03 20:00:00+00:00,Gurugram,28.4595,77.0266,331,160.4,267.7,102.1,16.3,3.61,16.7,26.2,65.2,8.0,294.9,1010.0,0.0,350.0,777.8,0.448,0.599,148.5,246.17,322.3,20,3,3,9,-0.866,0.5,0.4339,-0.901,323,313,324,316.3,317.3,327.7,149.1,246.9
2026-09-03 21:00:00+00:00,Gurugram,28.4595,77.0266,325,151.8,255.5,93.0,14.8,3.29,19.1,25.7,69.3,6.9,310.0,1010.3,0.0,350.0,670.8,0.519,0.594,153.77,256.7,326.3,21,3,3,9,-0.7071,0.7071,0.4339,-0.901,331,313,310,322.3,318.5,326.1,160.4,267.7
2026-09-03 22:00:00+00:00,Gurugram,28.4595,77.0266,388,234.7,398.2,71.1,15.8,2.48,16.3,23.1,75.9,5.8,298.6,1011.3,0.0,350.0,563.9,0.607,0.589,182.3,307.13,348.0,22,3,3,9,-0.5,0.866,0.4339,-0.901,325,323,321,326.3,321.0,324.2,151.8,255.5
2026-09-03 23:00:00+00:00,Gurugram,28.4595,77.0266,403,253.0,432.5,73.8,16.4,2.57,18.3,22.6,78.5,3.5,308.6,1011.5,0.0,350.0,340.3,0.717,0.585,213.17,362.07,372.0,23,3,3,9,-0.2588,0.9659,0.4339,-0.901,388,331,313,348.0,332.2,329.2,234.7,398.2
2026-09-04 00:00:00+00:00,Gurugram,28.4595,77.0266,401,250.5,430.9,70.6,15.7,2.46,18.0,21.1,80.1,2.8,311.5,1011.8,0.0,350.0,272.2,0.755,0.581,246.07,420.53,397.3,0,4,4,9,0.0,1.0,-0.4339,-0.901,403,325,313,372.0,347.2,334.8,253.0,432.5
2026-09-04 01:00:00+00:00,Gurugram,28.4595,77.0266,407,254.4,439.8,48.8,15.5,1.7,19.7,20.0,85.1,2.6,308.9,1011.5,0.0,350.0,252.8,0.797,0.578,252.63,434.4,403.7,1,4,4,9,0.2588,0.9659,-0.4339,-0.901,401,388,323,397.3,361.8,340.3,250.5,430.9
2026-09-04 02:00:00+00:00,Gurugram,28.4595,77.0266,421,267.4,464.1,50.2,16.0,1.75,17.7,21.1,84.3,3.8,312.8,1011.1,0.0,350.0,369.4,0.743,0.576,257.43,444.93,409.7,2,4,4,9,0.5,0.866,-0.4339,-0.901,407,403,331,403.7,375.8,346.6,254.4,439.8
2026-09-04 03:00:00+00:00,Gurugram,28.4595,77.0266,451,296.8,516.3,55.0,17.5,1.91,16.7,21.1,82.2,2.3,303.1,1010.5,0.0,350.0,223.6,0.789,0.575,272.87,473.4,426.3,3,4,4,9,0.7071,0.7071,-0.4339,-0.901,421,401,325,409.7,390.8,354.7,267.4,464.1
2026-09-04 04:00:00+00:00,Gurugram,28.4595,77.0266,425,270.4,470.7,49.8,15.9,1.74,19.4,21.8,83.7,4.5,293.9,1009.9,0.0,350.0,437.5,0.711,0.574,278.2,483.7,432.3,4,4,4,9,0.866,0.5,-0.4339,-0.901,451,407,388,426.3,411.8,366.4,296.8,516.3
2026-09-04 05:00:00+00:00,Gurugram,28.4595,77.0266,424,270.1,469.9,71.5,15.9,2.49,18.5,22.0,78.4,3.3,292.9,1009.5,0.0,350.0,320.8,0.724,0.575,279.1,485.63,433.3,5,4,4,9,0.9659,0.2588,-0.4339,-0.901,425,421,403,432.3,418.0,375.1,270.4,470.7
2026-09-04 06:00:00+00:00,Gurugram,28.4595,77.0266,416,262.6,455.7,76.5,17.2,2.68,19.0,23.4,74.5,5.2,300.5,1009.1,0.0,350.0,505.6,0.622,0.576,267.7,465.43,421.7,6,4,4,9,1.0,0.0,-0.4339,-0.901,424,451,401,433.3,421.5,384.3,270.1,469.9
2026-09-04 07:00:00+00:00,Gurugram,28.4595,77.0266,358,195.9,338.7,71.9,16.6,2.55,19.5,24.5,66.7,6.2,285.8,1009.4,0.0,486.5,837.9,0.53,0.578,242.87,421.43,399.3,7,4,4,9,0.9659,-0.2588,-0.4339,-0.901,416,425,407,421.7,424.0,392.9,262.6,455.7
2026-09-04 08:00:00+00:00,Gurugram,28.4595,77.0266,338,169.2,291.0,86.2,14.8,3.05,28.4,27.2,61.5,7.8,294.5,1010.0,0.0,630.2,1365.4,0.431,0.581,209.23,361.8,370.7,8,4,4,9,0.866,-0.5,-0.4339,-0.901,358,424,421,399.3,415.8,395.8,195.9,338.7
2026-09-04 09:00:00+00:00,Gurugram,28.4595,77.0266,333,163.2,278.9,86.1,14.7,3.05,40.4,27.6,58.8,7.8,294.3,1010.6,0.0,758.4,1643.2,0.413,0.585,176.1,302.87,343.0,9,4,4,9,0.7071,-0.7071,-0.4339,-0.901,338,416,451,370.7,402.0,396.4,169.2,291.0
2026-09-04 10:00:00+00:00,Gurugram,28.4595,77.0266,328,156.8,266.1,86.0,14.7,3.04,47.5,30.1,54.1,10.2,279.5,1011.4,0.0,876.0,2482.0,0.286,0.589,163.07,278.67,333.0,10,4,4,9,0.5,-0.866,-0.4339,-0.901,333,358,425,343.0,382.3,397.1,163.2,278.9
2026-09-04 11:00:00+00:00,Gurugram,28.4595,77.0266,341,173.5,291.9,73.3,16.9,2.59,55.9,30.2,51.5,9.8,281.9,1011.5,0.0,952.6,2593.2,0.285,0.594,164.5,278.97,334.0,11,4,4,9,0.2588,-0.9659,-0.4339,-0.901,328,338,424,333.0,366.2,392.1,156.8,266.1
2026-09-04 12:00:00+00:00,Gurugram,28.4595,77.0266,324,150.9,251.8,66.2,15.3,2.34,63.0,31.3,45.8,12.0,284.0,1011.8,0.0,1009.9,3366.3,0.159,0.599,160.4,269.93,331.0,12,4,4,9,0.0,-1.0,-0.4339,-0.901,341,333,416,334.0,352.3,386.9,173.5,291.9
2026-09-04 13:00:00+00:00,Gurugram,28.4595,77.0266,317,142.1,235.4,64.5,14.9,2.29,65.4,31.6,43.2,12.4,282.2,1011.3,0.0,1003.4,3456.2,0.125,0.604,155.5,259.7,327.3,13,4,4,9,-0.2588,-0.9659,-0.4339,-0.901,324,328,358,331.0,337.0,380.5,150.9,251.8
2026-09-04 14:00:00+00:00,Gurugram,28.4595,77.0266,316,140.7,231.5,65.6,15.2,2.32,59.6,32.4,44.2,12.9,276.2,1011.0,0.0,930.3,3333.6,0.112,0.608,144.57,239.57,319.0,14,4,4,9,-0.5,-0.866,-0.4339,-0.901,317,341,338,327.3,330.2,373.0,142.1,235.4
2026-09-04 15:00:00+00:00,Gurugram,28.4595,77.0266,324,151.4,248.1,71.9,16.6,2.54,52.5,31.7,45.6,12.5,288.3,1010.2,0.0,817.5,2838.5,0.137,0.61,144.73,238.33,319.0,15,4,4,9,-0.7071,-0.7071,-0.4339,-0.901,316,324,333,319.0,326.5,364.2,140.7,231.5
2026-09-04 16:00:00+00:00,Gurugram,28.4595,77.0266,314,137.3,224.7,65.6,15.1,2.32,45.2,31.0,45.4,11.1,287.8,1010.0,0.0,681.2,2100.4,0.192,0.611,143.13,234.77,318.0,16,4,4,9,-0.866,-0.5,-0.4339,-0.901,324,317,328,319.0,325.0,353.7,151.4,248.1
2026-09-04 17:00:00+00:00,Gurugram,28.4595,77.0266,318,142.8,234.0,67.8,15.7,2.4,31.6,30.0,49.4,10.6,296.1,1009.3,0.0,514.9,1516.1,0.239,0.61,143.83,235.6,318.7,17,4,4,9,-0.9659,-0.2588,-0.4339,-0.901,314,316,341,318.0,322.7,344.4,137.3,224.7
2026-09-04 18:00:00+00:00,Gurugram,28.4595,77.0266,326,153.7,253.0,104.0,16.6,3.68,17.5,28.9,51.6,10.4,304.7,1009.1,0.0,350.0,1011.1,0.261,0.608,144.6,237.23,319.3,18,4,4,9,-1.0,-0.0,-0.4339,-0.901,318,324,324,318.7,318.8,335.6,142.8,234.0
2026-09-04 19:00:00+00:00,Gurugram,28.4595,77.0266,315,138.7,229.7,91.3,14.5,3.23,16.3,28.3,59.5,8.8,294.1,1009.6,0.0,350.0,855.6,0.378,0.604,145.07,238.9,319.7,19,4,4,9,-0.9659,0.2588,-0.4339,-0.901,326,314,317,319.3,319.2,328.1,153.7,253.0
2026-09-04 20:00:00+00:00,Gurugram,28.4595,77.0266,324,151.2,252.4,96.2,15.3,3.41,16.2,27.1,63.7,6.8,310.6,1010.1,0.0,350.0,661.1,0.486,0.599,147.87,245.03,321.7,20,4,4,9,-0.866,0.5,-0.4339,-0.901,315,318,316,319.7,318.8,324.5,138.7,229.7
2026-09-04 21:00:00+00:00,Gurugram,28.4595,77.0266,323,149.3,251.3,91.4,14.6,3.24,18.7,24.9,67.5,6.5,312.0,1010.4,0.0,350.0,631.9,0.523,0.594,146.4,244.47,320.7,21,4,4,9,-0.7071,0.7071,-0.4339,-0.901,324,326,324,321.7,320.2,323.3,151.2,252.4
2026-09-04 22:00:00+00:00,Gurugram,28.4595,77.0266,363,202.1,342.9,66.6,15.0,2.33,18.5,23.0,72.6,4.6,303.6,1011.3,0.0,350.0,447.2,0.633,0.589,167.53,282.2,336.7,22,4,4,9,-0.5,0.866,-0.4339,-0.901,323,315,314,320.7,320.0,322.5,149.3,251.3
2026-09-04 23:00:00+00:00,Gurugram,28.4595,77.0266,395,244.1,417.3,71.2,15.8,2.48,16.5,21.9,77.1,4.1,310.5,1011.3,0.0,350.0,398.6,0.683,0.585,198.5,337.17,360.3,23,4,4,9,-0.2588,0.9659,-0.4339,-0.901,363,324,318,336.7,328.2,325.4,202.1,342.9
2026-09-05 00:00:00+00:00,Gurugram,28.4595,77.0266,425,274.2,471.7,77.3,17.2,2.69,20.0,20.8,83.2,3.7,312.6,1011.9,0.0,350.0,359.7,0.74,0.581,240.13,410.63,394.3,0,5,5,9,0.0,1.0,-0.9749,-0.2225,395,323,326,360.3,341.0,329.9,244.1,417.3
2026-09-05 01:00:00+00:00,Gurugram,28.4595,77.0266,422,269.5,466.0,51.7,16.4,1.8,17.6,21.2,82.6,3.2,309.2,1011.8,0.0,350.0,311.1,0.756,0.578,262.6,451.67,414.0,1,5,5,9,0.2588,0.9659,-0.9749,-0.2225,425,363,315,394.3,357.5,338.3,274.2,471.7
2026-09-05 02:00:00+00:00,Gurugram,28.4595,77.0266,409,255.8,443.9,48.0,15.3,1.67,20.0,20.0,83.1,2.4,315.9,1011.3,0.0,350.0,233.3,0.791,0.576,266.5,460.53,418.7,2,5,5,9,0.5,0.866,-0.9749,-0.2225,422,395,324,414.0,375.3,347.1,269.5,466.0
2026-09-05 03:00:00+00:00,Gurugram,28.4595,77.0266,440,285.9,497.3,52.9,16.8,1.84,17.1,20.8,84.7,4.2,315.1,1010.3,0.0,350.0,408.3,0.73,0.575,270.4,469.07,423.7,3,5,5,9,0.7071,0.7071,-0.9749,-0.2225,409,425,323,418.7,389.5,354.8,255.8,443.9
2026-09-05 04:00:00+00:00,Gurugram,28.4595,77.0266,450,295.7,514.7,54.5,17.3,1.9,19.2,21.8,83.4,2.7,312.4,1009.7,0.0,350.0,262.5,0.781,0.575,279.13,485.3,433.0,4,5,5,9,0.866,0.5,-0.9749,-0.2225,440,422,363,423.7,409.0,364.5,285.9,497.3
2026-09-05 05:00:00+00:00,Gurugram,28.4595,77.0266,447,292.6,508.9,77.4,17.2,2.7,18.8,22.0,79.8,5.0,292.4,1009.5,0.0,350.0,486.1,0.665,0.575,291.4,506.97,445.7,5,5,5,9,0.9659,0.2588,-0.9749,-0.2225,450,409,395,433.0,423.5,375.8,295.7,514.7
2026-09-05 06:00:00+00:00,Gurugram,28.4595,77.0266,402,249.3,432.6,72.6,16.4,2.54,16.8,24.2,71.6,5.7,304.0,1009.3,0.0,350.0,554.2,0.583,0.576,279.2,485.4,433.0,6,5,5,9,1.0,0.0,-0.9749,-0.2225,447,440,425,445.7,432.2,386.6,292.6,508.9
2026-09-05 07:00:00+00:00,Gurugram,28.4595,77.0266,341,173.6,300.2,63.7,14.7,2.26,16.9,25.7,71.1,6.3,287.3,1009.5,0.0,479.3,838.8,0.555,0.578,238.5,413.9,396.7,7,5,5,9,0.9659,-0.2588,-0.9749,-0.2225,402,450,422,433.0,428.3,392.9,249.3,432.6
2026-09-05 08:00:00+00:00,Gurugram,28.4595,77.0266,339,169.9,292.3,86.6,14.8,3.07,28.7,26.1,64.1,6.5,295.9,1009.7,0.0,622.0,1123.1,0.501,0.581,197.6,341.7,360.7,8,5,5,9,0.866,-0.5,-0.9749,-0.2225,341,447,409,396.7,414.8,395.1,173.6,300.2
2026-09-05 09:00:00+00:00,Gurugram,28.4595,77.0266,351,186.2,318.2,98.2,16.8,3.48,39.2,28.7,60.5,8.3,274.8,1010.6,0.0,750.8,1731.0,0.405,0.585,176.57,303.57,343.7,9,5,5,9,0.7071,-0.7071,-0.9749,-0.2225,339,402,440,360.7,403.2,396.3,169.9,292.3
2026-09-05 10:00:00+00:00,Gurugram,28.4595,77.0266,335,165.2,280.2,90.5,15.5,3.21,46.7,30.1,55.8,10.7,279.5,1011.4,0.0,866.7,2576.0,0.277,0.59,173.77,296.9,341.7,10,5,5,9,0.5,-0.866,-0.9749,-0.2225,351,341,450,343.7,388.3,398.7,186.2,318.2
2026-09-05 11:00:00+00:00,Gurugram,28.4595,77.0266,341,173.4,291.8,73.2,16.9,2.59,59.5,30.4,48.0,10.0,289.5,1011.7,0.0,974.0,2705.6,0.253,0.594,174.93,296.73,342.3,11,5,5,9,0.2588,-0.9659,-0.9749,-0.2225,335,339,447,341.7,369.2,396.3,165.2,280.2
2026-09-05 12:00:00+00:00,Gurugram,28.4595,77.0266,322,148.5,247.9,65.2,15.1,2.31,62.3,31.2,49.0,11.8,288.6,1011.9,0.0,989.7,3244.0,0.188,0.599,162.37,273.3,332.7,12,5,5,9,0.0,-1.0,-0.9749,-0.2225,341,351,402,342.3,351.5,391.8,173.4,291.8
2026-09-05 13:00:00+00:00,Gurugram,28.4595,77.0266,332,161.0,266.6,73.1,16.9,2.59,67.0,31.8,43.7,12.2,273.1,1011.7,0.0,1000.3,3389.9,0.137,0.604,160.97,268.77,331.7,13,5,5,9,-0.2588,-0.9659,-0.9749,-0.2225,322,335,341,332.7,338.2,383.2,148.5,247.9
2026-09-05 14:00:00+00:00,Gurugram,28.4595,77.0266,328,156.0,256.8,72.8,16.8,2.58,61.7,32.3,46.5,12.9,272.7,1011.2,0.0,917.7,3288.4,0.127,0.607,155.17,257.1,327.3,14,5,5,9,-0.5,-0.866,-0.9749,-0.2225,332,341,339,331.7,336.7,375.8,161.0,266.6
2026-09-05 15:00:00+00:00,Gurugram,28.4595,77.0266,314,137.6,225.6,65.3,15.1,2.31,55.4,31.8,45.0,12.7,277.2,1010.6,0.0,820.2,2893.5,0.125,0.61,151.53,249.67,324.7,15,5,5,9,-0.7071,-0.7071,-0.9749,-0.2225,328,322,351,327.3,334.8,369.0,156.0,256.8
2026-09-05 16:00:00+00:00,Gurugram,28.4595,77.0266,102,82.7355,136.0365,60.2,14.7,2.19,41.2,31.2,48.6,10.6,291.7,1010.0,3.5,671.1,1976.0,0.233,0.608,125.45,206.15,248.0,16,5,5,9,-0.866,-0.5,-0.9749,-0.2225,314,332,335,324.7,328.7,358.5,137.6,225.6
2026-09-05 17:00:00+00:00,Gurugram,28.4595,77.0266,200,90.0,147.5,65.6,15.7,2.36,32.6,30.3,47.7,10.2,283.3,1009.2,2.2,517.7,1466.8,0.243,0.61,103.45,169.71,205.3,17,5,5,9,-0.9659,-0.2588,-0.9749,-0.2225,102,328,341,248.0,289.8,329.5,82.74,136.04
2026-09-05 18:00:00+00:00,Gurugram,28.4595,77.0266,193,87.9,144.6,96.4,16.0,3.48,18.6,30.1,54.0,9.5,295.9,1009.1,2.4,350.0,923.6,0.313,0.608,86.88,142.71,165.0,18,5,5,9,-1.0,-0.0,-0.9749,-0.2225,200,314,322,205.3,266.3,308.9,90.0,147.5
2026-09-05 19:00:00+00:00,Gurugram,28.4595,77.0266,242,103.1,170.7,99.1,16.3,3.56,16.3,28.4,57.1,7.8,305.8,1009.3,2.0,350.0,758.3,0.402,0.604,93.67,154.27,211.7,19,5,5,9,-0.9659,0.2588,-0.9749,-0.2225,193,102,332,165.0,244.8,291.5,87.9,144.6
2026-09-05 20:00:00+00:00,Gurugram,28.4595,77.0266,320,145.3,242.5,92.5,14.7,3.27,18.4,26.0,63.4,8.0,303.4,1010.1,0.0,350.0,777.8,0.436,0.599,112.1,185.93,251.7,20,5,5,9,-0.866,0.5,-0.9749,-0.2225,242,200,328,211.7,229.8,283.2,103.1,170.7
2026-09-05 21:00:00+00:00,Gurugram,28.4595,77.0266,379,223.0,375.3,110.8,17.2,3.88,16.6,25.1,69.1,5.4,314.5,1010.3,0.0,350.0,525.0,0.578,0.594,157.13,262.83,313.7,21,5,5,9,-0.7071,0.7071,-0.9749,-0.2225,320,193,314,251.7,228.5,281.7,145.3,242.5
2026-09-05 22:00:00+00:00,Gurugram,28.4595,77.0266,382,226.4,384.1,74.6,16.8,2.61,17.1,22.9,72.5,4.6,311.9,1011.2,0.0,350.0,447.2,0.633,0.589,198.23,333.97,360.3,22,5,5,9,-0.5,0.866,-0.9749,-0.2225,379,242,102,313.7,239.3,284.0,223.0,375.3
2026-09-05 23:00:00+00:00,Gurugram,28.4595,77.0266,392,239.0,408.5,69.7,15.5,2.43,17.4,21.9,76.8,3.4,310.9,1011.7,0.0,350.0,330.6,0.709,0.585,229.47,389.3,384.3,23,5,5,9,-0.2588,0.9659,-0.9749,-0.2225,382,320,200,360.3,286.0,287.9,226.4,384.1
2026-09-06 00:00:00+00:00,Gurugram,28.4595,77.0266,394,242.0,416.3,68.2,15.2,2.38,16.7,21.2,80.3,3.9,312.0,1011.5,0.0,350.0,379.2,0.713,0.581,235.8,402.97,389.3,0,6,6,9,0.0,1.0,-0.7818,0.6235,392,379,193,384.3,318.0,292.2,239.0,408.5
2026-09-06 01:00:00+00:00,Gurugram,28.4595,77.0266,421,269.0,465.0,51.6,16.4,1.8,18.6,20.4,81.2,3.8,305.7,1011.5,0.0,350.0,369.4,0.723,0.578,250.0,429.93,402.3,1,6,6,9,0.2588,0.9659,-0.7818,0.6235,394,382,242,389.3,351.5,298.2,242.0,416.3
2026-09-06 02:00:00+00:00,Gurugram,28.4595,77.0266,426,272.9,473.5,51.2,16.3,1.78,17.1,19.8,84.2,2.4,315.7,1011.0,0.0,350.0,233.3,0.799,0.576,261.3,451.6,413.7,2,6,6,9,0.5,0.866,-0.7818,0.6235,421,392,320,402.3,381.3,305.6,269.0,465.0
2026-09-06 03:00:00+00:00,Gurugram,28.4595,77.0266,441,286.4,498.1,53.0,16.9,1.85,16.3,20.6,81.9,2.7,296.8,1010.7,0.0,350.0,262.5,0.771,0.575,276.1,478.87,429.3,3,6,6,9,0.7071,0.7071,-0.7818,0.6235,426,394,379,413.7,399.0,313.8,272.9,473.5
2026-09-06 04:00:00+00:00,Gurugram,28.4595,77.0266,450,295.4,514.2,54.5,17.3,1.9,19.3,21.1,81.5,4.5,304.3,1009.9,0.0,350.0,437.5,0.697,0.574,284.9,495.27,439.0,4,6,6,9,0.866,0.5,-0.7818,0.6235,441,421,382,429.3,409.3,324.3,286.4,498.1
2026-09-06 05:00:00+00:00,Gurugram,28.4595,77.0266,432,277.8,483.3,73.5,16.4,2.56,16.3,22.1,78.3,5.1,298.4,1009.7,0.0,350.0,495.8,0.651,0.575,286.53,498.53,441.0,5,6,6,9,0.9659,0.2588,-0.7818,0.6235,450,426,392,439.0,420.7,353.3,295.4,514.2
2026-09-06 06:00:00+00:00,Gurugram,28.4595,77.0266,437,283.1,491.2,75.9,16.9,2.64,18.5,24.1,75.1,5.3,303.0,1009.5,0.0,350.0,515.3,0.622,0.576,285.43,496.23,439.7,6,6,6,9,1.0,0.0,-0.7818,0.6235,432,441,394,441.0,427.3,372.7,277.8,483.3
2026-09-06 07:00:00+00:00,Gurugram,28.4595,77.0266,406,253.5,438.3,75.5,17.0,2.64,16.5,24.3,70.5,5.7,300.8,1009.7,0.0,480.3,760.5,0.575,0.578,271.47,470.93,425.0,7,6,6,9,0.9659,-0.2588,-0.7818,0.6235,437,450,421,439.7,434.5,393.0,283.1,491.2
2026-09-06 08:00:00+00:00,Gurugram,28.4595,77.0266,354,190.3,327.3,97.0,16.6,3.43,26.5,26.4,66.4,7.4,297.4,1010.0,0.0,614.7,1263.6,0.48,0.581,242.3,418.93,399.0,8,6,6,9,0.866,-0.5,-0.7818,0.6235,406,432,426,425.0,432.0,406.7,253.5,438.3
2026-09-06 09:00:00+00:00,Gurugram,28.4595,77.0266,338,169.7,290.0,89.5,15.3,3.17,37.1,28.7,60.9,7.8,282.2,1010.4,0.0,749.0,1622.8,0.427,0.585,204.5,351.87,366.0,9,6,6,9,0.7071,-0.7071,-0.7818,0.6235,354,437,441,399.0,420.0,409.5,190.3,327.3
2026-09-06 10:00:00+00:00,Gurugram,28.4595,77.0266,335,165.8,281.3,90.9,15.5,3.22,47.9,29.4,55.9,10.3,284.5,1011.1,0.0,866.1,2478.0,0.294,0.589,175.27,299.53,342.3,10,6,6,9,0.5,-0.866,-0.7818,0.6235,338,406,450,366.0,402.8,406.1,169.7,290.0
2026-09-06 11:00:00+00:00,Gurugram,28.4595,77.0266,333,163.1,274.4,68.9,15.9,2.44,56.0,30.2,50.3,11.2,289.3,1011.8,0.0,959.9,2986.4,0.221,0.594,166.2,281.9,335.3,11,6,6,9,0.2588,-0.9659,-0.7818,0.6235,335,354,432,342.3,383.7,402.2,165.8,281.3
2026-09-06 12:00:00+00:00,Gurugram,28.4595,77.0266,327,155.0,258.8,68.0,15.7,2.41,63.7,31.4,46.9,11.1,278.2,1011.6,0.0,1003.0,3092.6,0.202,0.599,161.3,271.5,331.7,12,6,6,9,0.0,-1.0,-0.7818,0.6235,333,338,437,335.3,367.2,397.2,163.1,274.4
2026-09-06 13:00:00+00:00,Gurugram,28.4595,77.0266,315,139.1,230.4,63.2,14.6,2.24,66.8,31.6,43.6,11.1,282.7,1011.7,0.0,1000.9,3086.1,0.18,0.604,152.4,254.53,325.0,13,6,6,9,-0.2588,-0.9659,-0.7818,0.6235,327,335,406,331.7,348.8,391.7,155.0,258.8
2026-09-06 14:00:00+00:00,Gurugram,28.4595,77.0266,312,135.0,222.1,63.0,14.5,2.23,63.2,32.2,42.7,12.5,290.4,1011.3,0.0,938.5,3258.7,0.118,0.608,143.03,237.1,318.0,14,6,6,9,-0.5,-0.866,-0.7818,0.6235,315,333,354,325.0,333.7,382.8,139.1,230.4
2026-09-06 15:00:00+00:00,Gurugram,28.4595,77.0266,325,152.1,249.3,72.2,16.7,2.56,52.6,32.0,43.6,11.8,288.3,1010.3,0.0,826.5,2709.1,0.152,0.61,142.07,233.93,317.3,15,6,6,9,-0.7071,-0.7071,-0.7818,0.6235,312,327,338,318.0,326.7,373.3,135.0,222.1
2026-09-06 16:00:00+00:00,Gurugram,28.4595,77.0266,320,146.1,239.1,69.8,16.1,2.47,41.6,32.5,46.4,12.0,282.9,1009.9,0.0,678.1,2260.3,0.163,0.611,144.4,236.83,319.0,16,6,6,9,-0.866,-0.5,-0.7818,0.6235,325,315,335,317.3,324.5,363.7,152.1,249.3
2026-09-06 17:00:00+00:00,Gurugram,28.4595,77.0266,324,151.0,247.5,71.7,16.6,2.54,30.1,30.3,51.5,11.2,296.3,1009.7,0.0,511.5,1591.3,0.229,0.61,149.73,245.3,323.0,17,6,6,9,-0.9659,-0.2588,-0.7818,0.6235,320,312,333,319.0,322.0,352.8,146.1,239.1
2026-09-06 18:00:00+00:00,Gurugram,28.4595,77.0266,327,155.0,255.2,104.9,16.7,3.71,16.1,29.0,53.1,9.8,287.7,1009.5,0.0,350.0,952.8,0.295,0.607,150.7,247.27,323.7,18,6,6,9,-1.0,-0.0,-0.7818,0.6235,324,325,327,323.0,320.5,343.8,151.0,247.5
2026-09-06 19:00:00+00:00,Gurugram,28.4595,77.0266,331,160.2,265.4,105.5,16.8,3.74,18.8,27.6,60.5,9.3,293.9,1009.4,0.0,350.0,904.2,0.365,0.604,155.4,256.03,327.3,19,6,6,9,-0.9659,0.2588,-0.7818,0.6235,327,320,315,323.7,320.5,334.7,155.0,255.2
2026-09-06 20:00:00+00:00,Gurugram,28.4595,77.0266,318,143.7,239.9,91.5,14.6,3.24,17.5,26.1,65.6,7.5,305.2,1009.7,0.0,350.0,729.2,0.471,0.599,152.97,253.5,325.3,20,6,6,9,-0.866,0.5,-0.7818,0.6235,331,324,312,327.3,323.2,328.4,160.2,265.4
2026-09-06 21:00:00+00:00,Gurugram,28.4595,77.0266,325,152.8,257.1,93.6,14.9,3.31,19.6,25.1,67.6,7.1,307.3,1010.4,0.0,350.0,690.3,0.5,0.594,152.23,254.13,324.7,21,6,6,9,-0.7071,0.7071,-0.7818,0.6235,318,327,325,325.3,324.2,325.4,143.7,239.9
2026-09-06 22:00:00+00:00,Gurugram,28.4595,77.0266,378,220.9,374.8,72.8,16.4,2.55,19.9,23.9,74.9,4.8,305.7,1010.9,0.0,350.0,466.7,0.641,0.589,172.47,290.6,340.3,22,6,6,9,-0.5,0.866,-0.7818,0.6235,325,331,320,324.7,324.2,324.3,152.8,257.1
2026-09-06 23:00:00+00:00,Gurugram,28.4595,77.0266,387,233.6,399.3,68.1,15.2,2.37,19.1,22.8,78.9,4.7,304.9,1011.5,0.0,350.0,456.9,0.671,0.585,202.43,343.73,363.3,23,6,6,9,-0.2588,0.9659,-0.7818,0.6235,378,318,324,340.3,333.8,327.9,220.9,374.8
2026-09-07 00:00:00+00:00,Gurugram,28.4595,77.0266,393,241.3,415.0,68.0,15.1,2.37,17.0,21.7,78.9,4.4,312.9,1011.8,0.0,350.0,427.8,0.683,0.581,231.93,396.37,386.0,0,7,0,9,0.0,1.0,0.0,1.0,387,325,327,363.3,344.3,332.4,233.6,399.3
2026-09-07 01:00:00+00:00,Gurugram,28.4595,77.0266,416,264.1,456.6,50.6,16.1,1.76,17.4,21.2,82.3,4.1,312.3,1011.5,0.0,350.0,398.6,0.718,0.578,246.33,423.63,398.7,1,7,0,9,0.2588,0.9659,0.0,1.0,393,378,331,386.0,355.3,337.9,241.3,415.0
2026-09-07 02:00:00+00:00,Gurugram,28.4595,77.0266,411,257.7,447.3,48.4,15.4,1.68,18.0,20.1,83.8,3.4,314.5,1011.0,0.0,350.0,330.6,0.756,0.576,254.37,439.63,406.7,2,7,0,9,0.5,0.866,0.0,1.0,416,387,318,398.7,369.5,346.3,264.1,456.6
2026-09-07 03:00:00+00:00,Gurugram,28.4595,77.0266,424,269.9,469.5,50.0,15.9,1.74,16.4,21.0,85.0,2.9,308.6,1010.6,0.0,350.0,281.9,0.784,0.575,263.9,457.8,417.0,3,7,0,9,0.7071,0.7071,0.0,1.0,411,393,325,406.7,385.0,354.6,257.7,447.3
2026-09-07 04:00:00+00:00,Gurugram,28.4595,77.0266,444,289.6,504.1,53.4,17.0,1.86,19.6,20.6,83.8,3.9,309.7,1009.8,0.0,350.0,379.2,0.736,0.574,272.4,473.63,426.3,4,7,0,9,0.866,0.5,0.0,1.0,424,416,378,417.0,401.5,362.8,269.9,469.5
2026-09-07 05:00:00+00:00,Gurugram,28.4595,77.0266,447,292.4,508.6,77.3,17.2,2.69,18.4,21.9,76.4,4.8,306.9,1009.6,0.0,350.0,466.7,0.651,0.575,283.97,494.07,438.3,5,7,0,9,0.9659,0.2588,0.0,1.0,444,411,387,426.3,412.5,373.2,289.6,504.1
2026-09-07 06:00:00+00:00,Gurugram,28.4595,77.0266,390,237.3,411.8,69.2,15.6,2.42,17.7,23.8,74.9,5.7,298.1,1009.6,0.0,350.0,554.2,0.605,0.576,273.1,474.83,427.0,6,7,0,9,1.0,0.0,0.0,1.0,447,424,393,438.3,422.5,383.4,292.4,508.6
2026-09-07 07:00:00+00:00,Gurugram,28.4595,77.0266,356,192.6,332.9,70.7,16.3,2.5,16.9,24.8,66.9,6.8,292.6,1009.3,0.0,486.2,918.4,0.507,0.579,240.77,417.77,397.7,7,7,0,9,0.9659,-0.2588,0.0,1.0,390,444,416,427.0,422.0,388.7,237.3,411.8
2026-09-07 08:00:00+00:00,Gurugram,28.4595,77.0266,354,190.6,327.8,97.2,16.6,3.44,29.0,26.6,65.4,8.3,290.9,1009.9,0.0,617.9,1424.6,0.437,0.581,206.83,357.5,366.7,8,7,0,9,0.866,-0.5,0.0,1.0,356,447,411,397.7,412.0,390.8,192.6,332.9
2026-09-07 09:00:00+00:00,Gurugram,28.4595,77.0266,349,183.1,313.0,96.6,16.5,3.42,40.3,28.7,57.2,7.9,277.0,1010.4,0.0,765.6,1680.1,0.399,0.585,188.77,324.57,353.0,9,7,0,9,0.7071,-0.7071,0.0,1.0,354,390,424,366.7,402.5,393.8,190.6,327.8
2026-09-07 10:00:00+00:00,Gurugram,28.4595,77.0266,342,174.6,296.1,95.7,16.4,3.39,48.0,29.0,54.9,9.4,273.8,1011.0,0.0,871.6,2275.8,0.323,0.59,182.77,312.3,348.3,10,7,0,9,0.5,-0.866,0.0,1.0,349,356,444,353.0,390.0,395.8,183.1,313.0
2026-09-07 11:00:00+00:00,Gurugram,28.4595,77.0266,331,160.7,270.4,67.9,15.7,2.4,59.8,31.2,49.0,10.2,276.4,1011.7,0.0,967.9,2742.4,0.252,0.594,172.8,293.17,340.7,11,7,0,9,0.2588,-0.9659,0.0,1.0,342,354,447,348.3,373.0,392.8,174.6,296.1
2026-09-07 12:00:00+00:00,Gurugram,28.4595,77.0266,334,164.5,274.6,72.2,16.7,2.56,61.5,31.8,48.9,10.5,287.8,1011.7,0.0,990.3,2888.4,0.239,0.599,166.6,280.37,335.7,12,7,0,9,0.0,-1.0,0.0,1.0,331,349,390,340.7,353.7,388.1,160.7,270.4
2026-09-07 13:00:00+00:00,Gurugram,28.4595,77.0266,322,148.0,245.1,67.2,15.5,2.38,66.2,32.0,42.5,12.6,273.3,1011.4,0.0,1007.6,3526.6,0.113,0.604,157.73,263.37,329.0,13,7,0,9,-0.2588,-0.9659,0.0,1.0,334,342,356,335.7,344.3,383.2,164.5,274.6
2026-09-07 14:00:00+00:00,Gurugram,28.4595,77.0266,320,145.9,240.1,68.1,15.7,2.41,61.8,33.2,43.8,11.6,286.3,1011.3,0.0,932.5,3004.7,0.161,0.608,152.8,253.27,325.3,14,7,0,9,-0.5,-0.866,0.0,1.0,322,331,354,329.0,338.7,375.3,148.0,245.1
2026-09-07 15:00:00+00:00,Gurugram,28.4595,77.0266,313,136.0,223.0,64.6,14.9,2.29,54.3,31.8,45.4,10.9,279.9,1010.7,0.0,818.4,2477.9,0.2,0.61,143.3,236.07,318.3,15,7,0,9,-0.7071,-0.7071,0.0,1.0,320,334,349,325.3,333.0,367.8,145.9,240.1
2026-09-07 16:00:00+00:00,Gurugram,28.4595,77.0266,316,140.6,230.1,67.1,15.5,2.38,44.2,31.7,48.0,10.6,289.8,1010.0,0.0,673.0,1981.6,0.229,0.611,140.83,231.07,316.3,16,7,0,9,-0.866,-0.5,0.0,1.0,313,322,342,318.3,327.0,358.5,136.0,223.0
2026-09-07 17:00:00+00:00,Gurugram,28.4595,77.0266,315,139.6,228.8,66.3,15.3,2.35,32.1,30.6,47.5,10.1,288.6,1009.2,0.0,518.0,1453.3,0.246,0.61,138.73,227.3,314.7,17,7,0,9,-0.9659,-0.2588,0.0,1.0,316,320,331,316.3,322.7,347.8,140.6,230.1
2026-09-07 18:00:00+00:00,Gurugram,28.4595,77.0266,318,142.5,234.6,96.4,15.4,3.41,16.5,29.0,54.9,10.0,290.0,1009.4,0.0,350.0,972.2,0.299,0.607,140.9,231.17,316.3,18,7,0,9,-1.0,-0.0,0.0,1.0,315,313,334,314.7,320.0,336.8,139.6,228.8
2026-09-07 19:00:00+00:00,Gurugram,28.4595,77.0266,320,145.2,240.4,95.6,15.2,3.38,18.9,27.9,59.3,8.0,305.4,1009.3,0.0,350.0,777.8,0.409,0.604,142.43,234.6,317.7,19,7,0,9,-0.9659,0.2588,0.0,1.0,318,316,322,316.3,317.3,330.8,142.5,234.6
2026-09-07 20:00:00+00:00,Gurugram,28.4595,77.0266,335,165.4,276.0,105.2,16.8,3.73,17.4,26.7,63.2,8.3,312.4,1009.8,0.0,350.0,806.9,0.423,0.599,151.03,250.33,324.3,20,7,0,9,-0.866,0.5,0.0,1.0,320,315,320,317.7,317.0,327.8,145.2,240.4
2026-09-07 21:00:00+00:00,Gurugram,28.4595,77.0266,312,135.5,228.1,91.2,14.7,3.24,18.9,24.4,71.4,7.2,303.7,1010.3,0.6,350.0,700.0,0.521,0.594,148.7,248.17,322.3,21,7,0,9,-0.7071,0.7071,0.0,1.0,335,318,313,324.3,319.5,326.2,165.4,276.0
2026-09-07 22:00:00+00:00,Gurugram,28.4595,77.0266,386,231.6,392.8,76.3,17.2,2.67,17.0,23.6,72.3,5.0,311.0,1010.8,0.0,350.0,486.1,0.615,0.59,177.5,298.97,344.3,22,7,0,9,-0.5,0.866,0.0,1.0,312,320,316,322.3,319.3,323.2,135.5,228.1
2026-09-07 23:00:00+00:00,Gurugram,28.4595,77.0266,387,233.6,399.3,68.1,15.2,2.37,18.8,22.3,75.9,5.3,312.7,1011.6,0.0,350.0,515.3,0.627,0.585,200.23,340.07,361.7,23,7,0,9,-0.2588,0.9659,0.0,1.0,386,335,315,344.3,331.0,326.8,231.6,392.8
2026-09-08 00:00:00+00:00,Gurugram,28.4595,77.0266,421,270.0,464.5,76.1,16.9,2.65,18.5,21.2,80.7,3.7,309.5,1011.5,0.0,350.0,359.7,0.723,0.581,245.07,418.87,398.0,0,8,1,9,0.0,1.0,0.7818,0.6235,387,312,318,361.7,343.0,331.5,233.6,399.3
2026-09-08 01:00:00+00:00,Gurugram,28.4595,77.0266,406,253.8,438.8,48.6,15.5,1.69,19.3,20.4,84.1,3.5,304.9,1011.6,0.0,350.0,340.3,0.754,0.578,252.47,434.2,404.7,1,8,1,9,0.2588,0.9659,0.7818,0.6235,421,386,320,398.0,360.2,338.8,270.0,464.5
2026-09-08 02:00:00+00:00,Gurugram,28.4595,77.0266,415,262.0,454.6,49.2,15.6,1.71,16.8,19.9,85.1,2.2,300.3,1010.9,0.0,350.0,213.9,0.813,0.576,261.93,452.63,414.0,2,8,1,9,0.5,0.866,0.7818,0.6235,406,387,335,404.7,374.5,345.8,253.8,438.8
2026-09-08 03:00:00+00:00,Gurugram,28.4595,77.0266,412,258.3,449.4,47.8,15.2,1.67,18.0,20.3,83.4,2.6,309.7,1010.4,0.0,350.0,252.8,0.785,0.575,258.03,447.6,411.0,3,8,1,9,0.7071,0.7071,0.7818,0.6235,415,421,312,414.0,387.8,353.7,262.0,454.6
2026-09-08 04:00:00+00:00,Gurugram,28.4595,77.0266,453,297.064,516.8114999999999,55.0,17.5,1.92,19.3,20.8,83.5,3.3,292.6,1010.0,0.0,350.0,320.8,0.758,0.575,272.45,473.6,426.7,4,8,1,9,0.866,0.5,0.7818,0.6235,412,406,386,411.0,404.5,361.9,258.3,449.4
2026-09-08 05:00:00+00:00,Gurugram,28.4595,77.0266,415,261.1,454.2,69.1,15.4,2.41,17.0,22.5,76.4,3.5,299.1,1009.6,0.0,350.0,340.3,0.703,0.575,272.15,473.47,426.7,5,8,1,9,0.9659,0.2588,0.7818,0.6235,453,415,387,426.7,415.7,373.3,297.06,516.81
2026-09-08 06:00:00+00:00,Gurugram,28.4595,77.0266,414,260.9,452.8,69.9,15.6,2.44,16.2,23.1,76.4,4.8,294.3,1009.1,0.0,350.0,466.7,0.651,0.576,273.02,474.6,427.3,6,8,1,9,1.0,0.0,0.7818,0.6235,415,412,421,426.7,420.3,381.7,261.1,454.2
2026-09-08 07:00:00+00:00,Gurugram,28.4595,77.0266,357,193.5,334.5,71.0,16.4,2.51,16.2,24.6,70.7,6.0,295.9,1009.2,0.0,480.0,800.0,0.565,0.578,238.5,413.83,395.3,7,8,1,9,0.9659,-0.2588,0.7818,0.6235,414,453,406,427.3,419.2,389.7,260.9,452.8
2026-09-08 08:00:00+00:00,Gurugram,28.4595,77.0266,349,184.1,316.7,93.9,16.1,3.32,29.2,27.1,64.8,6.8,284.7,1009.9,0.0,619.8,1170.7,0.493,0.581,212.83,368.0,373.3,8,8,1,9,0.866,-0.5,0.7818,0.6235,357,415,415,395.3,411.0,392.8,193.5,334.5
2026-09-08 09:00:00+00:00,Gurugram,28.4595,77.0266,337,168.2,287.4,88.7,15.2,3.14,37.7,27.4,60.4,8.0,282.4,1010.8,0.0,751.3,1669.6,0.416,0.585,181.93,312.87,347.7,9,8,1,9,0.7071,-0.7071,0.7818,0.6235,349,414,412,373.3,400.0,393.9,184.1,316.7
2026-09-08 10:00:00+00:00,Gurugram,28.4595,77.0266,341,173.3,293.9,95.0,16.2,3.36,46.7,30.1,55.5,10.0,287.9,1010.9,0.0,868.3,2411.9,0.303,0.59,175.2,299.33,342.3,10,8,1,9,0.5,-0.866,0.7818,0.6235,337,357,453,347.7,387.5,396.0,168.2,287.4
2026-09-08 11:00:00+00:00,Gurugram,28.4595,77.0266,336,166.1,279.5,70.1,16.2,2.48,57.5,31.5,48.2,10.5,282.3,1011.7,0.0,972.8,2837.3,0.235,0.594,169.2,286.93,338.0,11,8,1,9,0.2588,-0.9659,0.7818,0.6235,341,349,415,342.3,368.8,392.2,173.3,293.9
2026-09-08 12:00:00+00:00,Gurugram,28.4595,77.0266,336,167.2,279.0,73.4,16.9,2.6,62.3,31.5,46.0,10.5,283.7,1011.9,0.0,1008.7,2942.0,0.22,0.599,168.87,284.13,337.7,12,8,1,9,0.0,-1.0,0.7818,0.6235,336,337,414,338.0,355.7,388.0,166.1,279.5
2026-09-08 13:00:00+00:00,Gurugram,28.4595,77.0266,320,145.7,241.3,66.2,15.3,2.34,66.6,33.0,42.7,11.7,271.4,1011.4,0.0,1006.4,3270.8,0.15,0.604,159.67,266.6,330.7,13,8,1,9,-0.2588,-0.9659,0.7818,0.6235,336,341,357,337.7,342.7,380.9,167.2,279.0
2026-09-08 14:00:00+00:00,Gurugram,28.4595,77.0266,323,150.1,247.1,70.1,16.2,2.48,59.8,32.8,45.3,12.2,283.3,1011.4,0.0,924.3,3132.4,0.147,0.607,154.33,255.8,326.3,14,8,1,9,-0.5,-0.866,0.7818,0.6235,320,336,349,330.7,336.5,373.8,145.7,241.3
2026-09-08 15:00:00+00:00,Gurugram,28.4595,77.0266,316,140.1,229.6,66.5,15.4,2.36,53.8,32.3,45.7,11.0,287.6,1010.3,0.0,817.1,2496.7,0.198,0.61,145.3,239.33,319.7,15,8,1,9,-0.7071,-0.7071,0.7818,0.6235,323,336,337,326.3,332.2,366.1,150.1,247.1
2026-09-08 16:00:00+00:00,Gurugram,28.4595,77.0266,320,146.1,239.1,69.8,16.1,2.47,40.8,31.5,48.4,11.5,297.3,1009.6,0.0,671.7,2145.7,0.196,0.611,145.43,238.6,319.7,16,8,1,9,-0.866,-0.5,0.7818,0.6235,316,320,341,319.7,328.7,358.1,140.1,229.6
2026-09-08 17:00:00+00:00,Gurugram,28.4595,77.0266,314,137.7,225.7,65.4,15.1,2.31,31.9,31.3,51.6,11.4,282.6,1009.5,0.0,511.3,1619.1,0.221,0.61,141.3,231.47,316.7,17,8,1,9,-0.9659,-0.2588,0.7818,0.6235,320,323,336,319.7,325.2,347.0,146.1,239.1
2026-09-08 18:00:00+00:00,Gurugram,28.4595,77.0266,320,145.2,239.0,98.2,15.6,3.48,19.2,28.8,52.6,10.0,293.1,1009.1,0.0,350.0,972.2,0.284,0.608,143.0,234.6,318.0,18,8,1,9,-1.0,-0.0,0.7818,0.6235,314,316,336,316.7,321.5,338.6,137.7,225.7
2026-09-08 19:00:00+00:00,Gurugram,28.4595,77.0266,326,153.9,254.8,101.3,16.1,3.59,16.4,28.0,60.6,8.6,291.3,1009.5,0.0,350.0,836.1,0.393,0.604,145.6,239.83,320.0,19,8,1,9,-0.9659,0.2588,0.7818,0.6235,320,320,320,318.0,318.8,330.8,145.2,239.0
2026-09-08 20:00:00+00:00,Gurugram,28.4595,77.0266,330,158.4,264.3,100.8,16.1,3.57,17.2,26.4,64.3,6.5,294.3,1010.0,0.0,350.0,631.9,0.502,0.599,152.5,252.7,325.3,20,8,1,9,-0.866,0.5,0.7818,0.6235,326,314,323,320.0,319.8,328.2,153.9,254.8
2026-09-08 21:00:00+00:00,Gurugram,28.4595,77.0266,323,150.0,252.3,91.8,14.6,3.25,16.9,25.0,67.7,6.7,314.6,1010.4,0.0,350.0,651.4,0.517,0.595,154.1,257.13,326.3,21,8,1,9,-0.7071,0.7071,0.7818,0.6235,330,320,316,325.3,321.0,326.6,158.4,264.3
2026-09-08 22:00:00+00:00,Gurugram,28.4595,77.0266,382,225.9,383.3,74.4,16.8,2.61,16.5,23.4,74.3,5.5,307.5,1011.2,0.0,350.0,534.7,0.609,0.589,178.1,299.97,345.0,22,8,1,9,-0.5,0.866,0.7818,0.6235,323,326,320,326.3,322.2,325.4,150.0,252.3
2026-09-08 23:00:00+00:00,Gurugram,28.4595,77.0266,396,244.6,418.1,71.3,15.9,2.48,18.1,22.7,76.8,4.0,316.1,1011.8,0.0,350.0,388.9,0.685,0.585,206.83,351.23,367.0,23,8,1,9,-0.2588,0.9659,0.7818,0.6235,382,330,314,345.0,332.5,328.8,225.9,383.3
2026-09-02 00:00:00+00:00,Noida,28.5355,77.391,416,266.2,455.5,73.7,16.4,2.5,19.4,21.8,79.2,4.3,300.8,1011.4,0.0,350.0,418.1,0.689,0.584,266.2,455.5,416.0,0,2,2,9,0.0,1.0,0.9749,-0.2225,416,416,416,416.0,416.0,416.0,266.2,455.5
2026-09-02 01:00:00+00:00,Noida,28.5355,77.391,390,236.9,407.5,44.934,14.2,1.52835,17.3,20.8,83.7,3.6,307.8,1011.3,0.0,350.0,350.0,0.747,0.581,251.55,431.5,403.0,1,2,2,9,0.2588,0.9659,0.9749,-0.2225,416,416,416,416.0,416.0,416.0,266.2,455.5
2026-09-02 02:00:00+00:00,Noida,28.5355,77.391,429,276.6,477.5,51.0,16.2,1.73,17.0,21.0,84.6,3.7,316.4,1010.9,0.0,350.0,359.7,0.749,0.579,259.9,446.83,411.7,2,2,2,9,0.5,0.866,0.9749,-0.2225,390,416,416,403.0,403.0,403.0,236.9,407.5
2026-09-02 03:00:00+00:00,Noida,28.5355,77.391,411,258.5,447.3,47.0,14.9,1.6,16.7,20.8,83.4,2.9,301.8,1010.4,0.0,350.0,281.9,0.773,0.578,257.33,444.1,410.0,3,2,2,9,0.7071,0.7071,0.9749,-0.2225,429,416,416,411.7,411.7,411.7,276.6,477.5
2026-09-02 04:00:00+00:00,Noida,28.5355,77.391,429,276.5,478.8,50.1,15.9,1.7,19.3,21.3,79.4,3.6,310.6,1009.8,0.0,350.0,350.0,0.719,0.577,270.53,467.87,423.0,4,2,2,9,0.866,0.5,0.9749,-0.2225,411,390,416,410.0,411.5,411.5,258.5,447.3
2026-09-02 05:00:00+00:00,Noida,28.5355,77.391,429,276.7,478.7,71.9,16.0,2.44,18.6,22.8,76.8,3.6,292.8,1009.5,0.0,350.0,350.0,0.701,0.578,270.57,468.27,423.0,5,2,2,9,0.9659,0.2588,0.9749,-0.2225,429,429,416,423.0,415.0,415.0,276.5,478.8
2026-09-02 06:00:00+00:00,Noida,28.5355,77.391,412,260.0,448.8,68.5,15.2,2.33,19.7,23.0,75.4,5.2,300.1,1009.5,0.0,350.0,505.6,0.628,0.579,271.07,468.77,423.3,6,2,2,9,1.0,0.0,0.9749,-0.2225,429,411,416,423.0,417.3,417.3,276.7,478.7
2026-09-02 07:00:00+00:00,Noida,28.5355,77.391,336,167.1,287.4,60.2,13.9,2.08,16.3,25.1,69.9,6.6,298.4,1009.5,0.0,481.3,882.4,0.535,0.581,234.6,404.97,392.3,7,2,2,9,0.9659,-0.2588,0.9749,-0.2225,412,429,390,423.3,416.7,416.6,260.0,448.8
2026-09-02 08:00:00+00:00,Noida,28.5355,77.391,336,166.8,285.4,83.5,14.3,2.89,27.8,26.4,63.0,7.0,278.6,1009.9,0.0,625.5,1216.2,0.473,0.584,197.97,340.53,361.3,8,2,2,9,0.866,-0.5,0.9749,-0.2225,336,429,429,392.3,407.7,406.5,167.1,287.4
2026-09-02 09:00:00+00:00,Noida,28.5355,77.391,338,169.3,287.8,87.7,15.0,3.03,38.1,27.3,60.5,7.8,291.7,1010.7,0.0,750.8,1626.7,0.425,0.588,167.73,286.87,336.7,9,2,2,9,0.7071,-0.7071,0.9749,-0.2225,336,412,411,361.3,392.2,398.7,166.8,285.4
2026-09-02 10:00:00+00:00,Noida,28.5355,77.391,337,167.9,283.4,90.4,15.4,3.12,49.6,29.4,54.3,10.3,289.9,1011.1,0.0,874.9,2503.2,0.283,0.592,168.0,285.53,337.0,10,2,2,9,0.5,-0.866,0.9749,-0.2225,338,336,429,336.7,380.0,392.6,169.3,287.8
2026-09-02 11:00:00+00:00,Noida,28.5355,77.391,334,163.6,273.9,67.9,15.6,2.35,57.3,30.5,49.7,10.0,271.7,1011.3,0.0,963.6,2676.7,0.265,0.597,166.93,281.7,336.3,11,2,2,9,0.2588,-0.9659,0.9749,-0.2225,337,336,429,337.0,364.7,387.5,167.9,283.4
2026-09-02 12:00:00+00:00,Noida,28.5355,77.391,321,146.6,243.3,63.2,14.6,2.18,63.4,32.0,46.7,10.7,275.0,1011.7,0.0,1004.2,2984.7,0.217,0.603,159.37,266.87,330.7,12,2,2,9,0.0,-1.0,0.9749,-0.2225,334,338,412,336.3,348.8,383.1,163.6,273.9
2026-09-02 13:00:00+00:00,Noida,28.5355,77.391,320,145.3,239.3,64.8,14.9,2.24,66.2,31.7,44.0,11.4,278.7,1011.4,0.0,998.5,3161.9,0.171,0.607,151.83,252.17,325.0,13,2,2,9,-0.2588,-0.9659,0.9749,-0.2225,321,337,336,330.7,333.7,375.2,146.6,243.3
2026-09-02 14:00:00+00:00,Noida,28.5355,77.391,319,144.2,236.1,66.1,15.2,2.28,63.1,32.7,41.8,11.2,285.6,1011.0,0.0,943.5,2935.3,0.164,0.611,145.37,239.57,320.0,14,2,2,9,-0.5,-0.866,0.9749,-0.2225,320,334,336,325.0,331.0,369.3,145.3,239.3
2026-09-02 15:00:00+00:00,Noida,28.5355,77.391,311,133.5,217.7,62.3,14.3,2.15,54.6,32.9,46.5,11.5,286.0,1010.3,0.0,813.5,2598.7,0.183,0.613,141.0,231.03,316.7,15,2,2,9,-0.7071,-0.7071,0.9749,-0.2225,319,321,338,320.0,328.2,360.2,144.2,236.1
2026-09-02 16:00:00+00:00,Noida,28.5355,77.391,310,133.3,217.0,62.5,14.4,2.16,44.1,32.0,46.1,11.6,296.3,1009.8,0.0,679.0,2187.9,0.177,0.614,137.0,223.6,313.3,16,2,2,9,-0.866,-0.5,0.9749,-0.2225,311,320,337,316.7,323.7,351.8,133.5,217.7
2026-09-02 17:00:00+00:00,Noida,28.5355,77.391,314,137.4,224.0,64.1,14.8,2.21,30.8,31.2,50.7,11.3,295.9,1009.6,0.0,512.8,1609.6,0.219,0.613,134.73,219.57,311.7,17,2,2,9,-0.9659,-0.2588,0.9749,-0.2225,310,319,334,313.3,319.2,341.9,133.3,217.0
2026-09-02 18:00:00+00:00,Noida,28.5355,77.391,323,149.2,244.2,99.1,15.8,3.43,17.9,29.4,53.3,9.5,288.6,1009.1,0.0,350.0,923.6,0.309,0.611,139.97,228.4,315.7,18,2,2,9,-1.0,-0.0,0.9749,-0.2225,314,311,321,311.7,315.8,332.3,137.4,224.0
2026-09-02 19:00:00+00:00,Noida,28.5355,77.391,323,149.2,245.8,96.5,15.3,3.34,19.3,27.6,57.0,7.8,305.8,1009.2,0.0,350.0,758.3,0.401,0.607,145.27,238.0,320.0,19,2,2,9,-0.9659,0.2588,0.9749,-0.2225,323,310,320,315.7,316.2,324.9,149.2,244.2
2026-09-02 20:00:00+00:00,Noida,28.5355,77.391,319,145.1,240.9,90.7,14.4,3.13,16.6,27.1,61.7,7.2,307.8,1009.7,0.0,350.0,700.0,0.457,0.602,147.83,243.63,321.7,20,2,2,9,-0.866,0.5,0.9749,-0.2225,323,314,319,320.0,316.7,323.8,149.2,245.8
2026-09-02 21:00:00+00:00,Noida,28.5355,77.391,324,151.6,253.7,91.2,14.5,3.15,18.7,25.5,70.5,7.0,298.9,1010.5,0.0,350.0,680.6,0.523,0.598,148.63,246.8,322.0,21,2,2,9,-0.7071,0.7071,0.9749,-0.2225,319,323,311,321.7,316.7,322.4,145.1,240.9
2026-09-02 22:00:00+00:00,Noida,28.5355,77.391,369,209.1,352.9,67.6,15.2,2.31,17.2,23.1,73.7,4.8,313.0,1011.1,0.0,350.0,466.7,0.633,0.593,168.6,282.5,337.3,22,2,2,9,-0.5,0.866,0.9749,-0.2225,324,323,310,322.0,318.8,321.2,151.6,253.7
2026-09-02 23:00:00+00:00,Noida,28.5355,77.391,408,259.7,441.5,74.4,16.5,2.53,17.8,22.8,78.0,5.0,306.8,1011.8,0.0,350.0,486.1,0.653,0.588,206.8,349.37,367.0,23,2,2,9,-0.2588,0.9659,0.9749,-0.2225,369,319,314,337.3,328.7,323.9,209.1,352.9
2026-09-03 00:00:00+00:00,Noida,28.5355,77.391,411,261.4,447.3,72.3,16.1,2.46,16.6,21.0,80.7,3.7,319.3,1011.9,0.0,350.0,359.7,0.723,0.584,243.4,413.9,396.0,0,3,3,9,0.0,1.0,0.4339,-0.901,408,324,323,367.0,344.3,330.1,259.7,441.5
2026-09-03 01:00:00+00:00,Noida,28.5355,77.391,422,270.8,465.8,51.0,16.2,1.73,19.4,20.3,84.0,3.9,310.6,1011.3,0.0,350.0,379.2,0.737,0.581,263.97,451.53,413.7,1,3,3,9,0.2588,0.9659,0.4339,-0.901,411,369,323,396.0,359.0,337.6,261.4,447.3
2026-09-03 02:00:00+00:00,Noida,28.5355,77.391,411,259.5,448.0,47.8,15.2,1.63,19.8,20.2,85.3,2.5,316.1,1010.9,0.0,350.0,243.1,0.802,0.579,263.9,453.7,414.7,2,3,3,9,0.5,0.866,0.4339,-0.901,422,408,319,413.7,375.5,346.1,270.8,465.8
2026-09-03 03:00:00+00:00,Noida,28.5355,77.391,418,265.7,459.7,48.3,15.3,1.64,16.9,20.3,83.1,2.9,296.1,1010.2,0.0,350.0,281.9,0.771,0.578,265.33,457.83,417.0,3,3,3,9,0.7071,0.7071,0.4339,-0.901,411,411,324,414.7,390.8,353.8,259.5,448.0
2026-09-03 04:00:00+00:00,Noida,28.5355,77.391,426,273.2,473.1,49.5,15.7,1.68,19.2,22.1,80.7,2.7,311.1,1010.1,0.0,350.0,262.5,0.763,0.577,266.13,460.27,418.3,4,3,3,9,0.866,0.5,0.4339,-0.901,418,422,369,417.0,406.5,362.7,265.7,459.7
2026-09-03 05:00:00+00:00,Noida,28.5355,77.391,427,274.3,474.7,71.3,15.8,2.42,17.8,21.7,77.1,5.0,302.8,1009.2,0.0,350.0,486.1,0.647,0.578,271.07,469.17,423.7,5,3,3,9,0.9659,0.2588,0.4339,-0.901,426,411,408,418.3,416.0,372.3,273.2,473.1
2026-09-03 06:00:00+00:00,Noida,28.5355,77.391,395,243.6,420.5,69.7,15.7,2.38,18.1,22.7,71.9,4.8,301.7,1009.3,0.0,350.0,466.7,0.621,0.579,263.7,456.1,416.0,6,3,3,9,1.0,0.0,0.4339,-0.901,427,418,411,423.7,419.2,381.8,274.3,474.7
2026-09-03 07:00:00+00:00,Noida,28.5355,77.391,393,240.9,414.3,70.4,15.8,2.41,17.8,24.3,68.1,5.9,282.1,1009.4,0.0,484.2,793.6,0.551,0.581,252.93,436.5,405.0,7,3,3,9,0.9659,-0.2588,0.4339,-0.901,395,426,422,416.0,416.5,387.8,243.6,420.5
2026-09-03 08:00:00+00:00,Noida,28.5355,77.391,335,164.9,282.1,82.6,14.1,2.85,26.1,25.9,66.0,7.7,277.8,1009.9,0.0,616.0,1317.6,0.465,0.585,216.47,372.3,374.3,8,3,3,9,0.866,-0.5,0.4339,-0.901,393,427,411,405.0,411.7,393.6,240.9,414.3
2026-09-03 09:00:00+00:00,Noida,28.5355,77.391,327,155.2,263.8,80.4,13.7,2.78,40.4,27.9,59.4,8.1,282.7,1010.6,0.0,755.7,1700.3,0.405,0.588,187.0,320.07,351.7,9,3,3,9,0.7071,-0.7071,0.4339,-0.901,335,395,418,374.3,399.0,394.9,164.9,282.1
2026-09-03 10:00:00+00:00,Noida,28.5355,77.391,329,157.2,265.3,84.6,14.4,2.92,49.0,28.8,54.1,9.8,291.8,1011.1,0.0,876.0,2384.7,0.302,0.593,159.1,270.4,330.3,10,3,3,9,0.5,-0.866,0.4339,-0.901,327,393,426,351.7,383.8,395.2,155.2,263.8
2026-09-03 11:00:00+00:00,Noida,28.5355,77.391,323,150.0,251.0,62.2,14.3,2.15,57.4,31.0,52.3,10.2,270.8,1011.7,0.0,947.7,2685.2,0.274,0.598,154.13,260.03,326.3,11,3,3,9,0.2588,-0.9659,0.4339,-0.901,329,335,427,330.3,367.7,391.8,157.2,265.3
2026-09-03 12:00:00+00:00,Noida,28.5355,77.391,323,149.1,247.5,64.3,14.8,2.22,63.8,31.9,48.0,11.9,276.7,1011.4,0.0,996.0,3292.3,0.177,0.602,152.1,254.6,325.0,12,3,3,9,0.0,-1.0,0.4339,-0.901,323,327,395,326.3,350.3,384.8,150.0,251.0
2026-09-03 13:00:00+00:00,Noida,28.5355,77.391,323,150.2,247.4,67.0,15.4,2.31,62.0,31.8,46.1,11.8,284.4,1011.6,0.0,985.6,3230.6,0.169,0.607,149.77,248.63,323.0,13,3,3,9,-0.2588,-0.9659,0.4339,-0.901,323,329,393,325.0,338.3,377.4,149.1,247.5
2026-09-03 14:00:00+00:00,Noida,28.5355,77.391,307,129.0,211.2,59.1,13.6,2.04,63.1,32.9,43.8,11.6,272.9,1010.9,0.0,932.5,3004.7,0.161,0.611,142.77,235.37,317.7,14,3,3,9,-0.5,-0.866,0.4339,-0.901,323,323,335,323.0,326.7,369.2,150.2,247.4
2026-09-03 15:00:00+00:00,Noida,28.5355,77.391,308,130.1,212.0,60.6,14.0,2.1,51.9,32.3,47.1,11.9,279.5,1010.7,0.0,810.8,2680.1,0.171,0.614,136.43,223.53,312.7,15,3,3,9,-0.7071,-0.7071,0.4339,-0.901,307,323,327,317.7,322.0,360.5,129.0,211.2
2026-09-03 16:00:00+00:00,Noida,28.5355,77.391,319,144.5,235.2,67.8,15.6,2.34,43.1,32.1,48.5,11.1,280.0,1009.8,0.0,671.4,2070.2,0.213,0.614,134.53,219.47,311.3,16,3,3,9,-0.866,-0.5,0.4339,-0.901,308,323,329,312.7,318.8,351.3,130.1,212.0
2026-09-03 17:00:00+00:00,Noida,28.5355,77.391,320,146.1,238.2,68.1,15.7,2.35,30.5,31.4,49.3,11.6,291.0,1009.5,0.0,515.1,1659.8,0.198,0.613,140.23,228.47,315.7,17,3,3,9,-0.9659,-0.2588,0.4339,-0.901,319,307,323,311.3,317.2,342.4,144.5,235.2
2026-09-03 18:00:00+00:00,Noida,28.5355,77.391,316,140.2,229.6,93.2,14.8,3.22,17.3,30.0,55.1,8.9,297.0,1009.5,0.0,350.0,865.3,0.345,0.611,143.6,234.33,318.3,18,3,3,9,-1.0,-0.0,0.4339,-0.901,320,308,323,315.7,316.7,333.5,146.1,238.2
2026-09-03 19:00:00+00:00,Noida,28.5355,77.391,321,147.4,242.8,95.3,15.1,3.29,17.4,27.4,59.6,8.3,300.9,1009.4,0.0,350.0,806.9,0.399,0.607,144.57,236.87,319.0,19,3,3,9,-0.9659,0.2588,0.4339,-0.901,316,319,323,318.3,315.5,326.9,140.2,229.6
2026-09-03 20:00:00+00:00,Noida,28.5355,77.391,330,159.4,264.6,99.6,15.8,3.44,19.8,25.8,65.9,7.2,312.5,1009.8,0.0,350.0,700.0,0.485,0.602,149.0,245.67,322.3,20,3,3,9,-0.866,0.5,0.4339,-0.901,321,320,307,319.0,315.2,320.9,147.4,242.8
2026-09-03 21:00:00+00:00,Noida,28.5355,77.391,335,164.9,276.1,99.2,15.8,3.43,16.6,24.3,69.9,6.1,311.6,1010.6,0.0,350.0,593.1,0.555,0.597,157.23,261.17,328.7,21,3,3,9,-0.7071,0.7071,0.4339,-0.901,330,316,308,322.3,319.0,320.5,159.4,264.6
2026-09-03 22:00:00+00:00,Noida,28.5355,77.391,382,227.0,383.1,67.5,15.0,2.3,17.5,23.7,75.4,4.3,299.3,1011.3,0.0,350.0,418.1,0.664,0.593,183.77,307.93,349.0,22,3,3,9,-0.5,0.866,0.4339,-0.901,335,321,319,328.7,323.5,321.2,164.9,276.1
2026-09-03 23:00:00+00:00,Noida,28.5355,77.391,402,251.2,427.0,71.9,16.0,2.45,18.3,22.4,78.7,4.7,318.5,1011.5,0.0,350.0,456.9,0.67,0.588,214.37,362.07,373.0,23,3,3,9,-0.2588,0.9659,0.4339,-0.901,382,330,320,349.0,334.0,325.6,227.0,383.1
2026-09-04 00:00:00+00:00,Noida,28.5355,77.391,408,258.8,442.8,71.6,15.9,2.44,18.0,21.4,80.8,3.9,305.0,1011.5,0.0,350.0,379.2,0.716,0.584,245.67,417.63,397.3,0,4,4,9,0.0,1.0,-0.4339,-0.901,402,335,316,373.0,347.7,332.2,251.2,427.0
2026-09-04 01:00:00+00:00,Noida,28.5355,77.391,428,277.0,476.4,52.2,16.5,1.77,17.1,20.5,83.6,2.7,304.7,1011.5,0.0,350.0,262.5,0.783,0.581,262.33,448.73,412.7,1,4,4,9,0.2588,0.9659,-0.4339,-0.901,408,382,321,397.3,363.0,339.2,258.8,442.8
2026-09-04 02:00:00+00:00,Noida,28.5355,77.391,431,278.9,481.4,51.4,16.3,1.75,17.8,21.2,84.0,2.2,315.0,1011.1,0.0,350.0,213.9,0.805,0.579,271.57,466.87,422.3,2,4,4,9,0.5,0.866,-0.4339,-0.901,428,402,330,412.7,380.8,348.0,277.0,476.4
2026-09-04 03:00:00+00:00,Noida,28.5355,77.391,398,247.1,427.6,45.0,14.3,1.53,18.2,20.0,84.2,3.8,302.0,1010.4,0.0,350.0,369.4,0.743,0.578,267.67,461.8,419.0,3,4,4,9,0.7071,0.7071,-0.4339,-0.901,431,408,335,422.3,397.7,358.3,278.9,481.4
2026-09-04 04:00:00+00:00,Noida,28.5355,77.391,432,279.3,483.7,50.6,16.1,1.72,18.0,21.9,83.1,4.0,311.0,1010.0,0.0,350.0,388.9,0.727,0.577,268.43,464.23,420.3,4,4,4,9,0.866,0.5,-0.4339,-0.901,398,428,382,419.0,408.2,365.8,247.1,427.6
2026-09-04 05:00:00+00:00,Noida,28.5355,77.391,420,267.9,463.5,69.6,15.5,2.37,17.5,21.7,76.6,3.6,304.7,1009.2,0.0,350.0,350.0,0.7,0.578,264.77,458.27,416.7,5,4,4,9,0.9659,0.2588,-0.4339,-0.901,432,431,402,420.3,416.5,375.2,279.3,483.7
2026-09-04 06:00:00+00:00,Noida,28.5355,77.391,406,253.8,438.1,72.7,16.3,2.48,18.9,24.0,74.3,5.5,286.7,1009.2,0.0,350.0,534.7,0.609,0.579,267.0,461.77,419.3,6,4,4,9,1.0,0.0,-0.4339,-0.901,420,398,408,416.7,419.5,383.6,267.9,463.5
2026-09-04 07:00:00+00:00,Noida,28.5355,77.391,347,181.0,311.3,65.3,15.0,2.26,17.8,25.0,70.5,7.0,282.6,1009.7,0.0,480.3,933.9,0.523,0.581,234.23,404.3,391.0,7,4,4,9,0.9659,-0.2588,-0.4339,-0.901,406,432,428,419.3,419.2,391.1,253.8,438.1
2026-09-04 08:00:00+00:00,Noida,28.5355,77.391,333,163.2,279.3,81.7,14.0,2.83,29.9,26.8,63.2,8.3,293.1,1010.0,0.0,624.9,1440.7,0.423,0.584,199.33,342.9,362.0,8,4,4,9,0.866,-0.5,-0.4339,-0.901,347,420,431,391.0,405.7,393.2,181.0,311.3
2026-09-04 09:00:00+00:00,Noida,28.5355,77.391,329,157.3,267.4,81.5,13.9,2.82,37.3,27.9,60.9,7.8,276.9,1010.3,0.0,749.0,1622.8,0.427,0.588,167.17,286.0,336.3,9,4,4,9,0.7071,-0.7071,-0.4339,-0.901,333,406,398,362.0,389.3,393.5,163.2,279.3
2026-09-04 10:00:00+00:00,Noida,28.5355,77.391,326,153.6,259.2,82.7,14.1,2.86,50.1,29.8,53.2,10.6,289.9,1011.3,0.0,880.9,2593.8,0.264,0.593,158.03,268.63,329.3,10,4,4,9,0.5,-0.866,-0.4339,-0.901,329,347,432,336.3,377.8,393.0,157.3,267.4
2026-09-04 11:00:00+00:00,Noida,28.5355,77.391,320,145.6,243.8,60.4,13.9,2.09,60.7,30.8,48.0,10.3,281.2,1011.5,0.0,974.0,2786.7,0.241,0.597,152.17,256.8,325.0,11,4,4,9,0.2588,-0.9659,-0.4339,-0.901,326,333,420,329.3,360.2,388.3,153.6,259.2
2026-09-04 12:00:00+00:00,Noida,28.5355,77.391,323,149.5,248.2,64.4,14.8,2.23,64.2,31.1,47.5,11.8,282.1,1011.9,0.0,999.2,3275.2,0.178,0.602,149.57,250.4,323.0,12,4,4,9,0.0,-1.0,-0.4339,-0.901,320,329,406,325.0,343.5,381.5,145.6,243.8
2026-09-04 13:00:00+00:00,Noida,28.5355,77.391,323,149.1,245.7,66.5,15.3,2.3,65.7,31.5,42.4,12.1,282.0,1011.6,0.0,1008.2,3388.7,0.132,0.607,148.07,245.9,322.0,13,4,4,9,-0.2588,-0.9659,-0.4339,-0.901,323,326,347,323.0,329.7,374.4,149.5,248.2
2026-09-04 14:00:00+00:00,Noida,28.5355,77.391,315,138.8,227.3,63.6,14.7,2.2,62.4,32.7,44.0,12.3,277.8,1011.4,0.0,931.4,3182.3,0.135,0.611,145.8,240.4,320.3,14,4,4,9,-0.5,-0.866,-0.4339,-0.901,323,320,333,322.0,325.7,365.7,149.1,245.7
2026-09-04 15:00:00+00:00,Noida,28.5355,77.391,313,136.5,222.5,63.6,14.7,2.2,52.9,32.6,43.7,11.0,275.6,1010.5,0.0,826.0,2523.9,0.185,0.613,141.47,231.83,317.0,15,4,4,9,-0.7071,-0.7071,-0.4339,-0.901,315,323,329,320.3,322.7,356.0,138.8,227.3
2026-09-04 16:00:00+00:00,Noida,28.5355,77.391,320,146.3,238.2,68.7,15.8,2.37,41.6,31.9,45.7,11.8,292.2,1010.1,0.0,680.3,2229.9,0.166,0.614,140.53,229.33,316.0,16,4,4,9,-0.866,-0.5,-0.4339,-0.901,313,323,326,317.0,320.0,348.9,136.5,222.5
2026-09-04 17:00:00+00:00,Noida,28.5355,77.391,309,131.3,214.1,61.2,14.1,2.12,28.7,30.5,50.2,10.3,290.4,1009.3,0.0,513.6,1469.5,0.256,0.613,138.03,224.93,314.0,17,4,4,9,-0.9659,-0.2588,-0.4339,-0.901,320,315,320,316.0,319.0,339.6,146.3,238.2
2026-09-04 18:00:00+00:00,Noida,28.5355,77.391,309,131.6,215.5,87.5,13.9,3.02,17.3,29.2,53.4,10.0,290.0,1009.5,0.0,350.0,972.2,0.289,0.611,136.4,222.6,312.7,18,4,4,9,-1.0,-0.0,-0.4339,-0.901,309,313,323,314.0,317.2,330.3,131.3,214.1
2026-09-04 19:00:00+00:00,Noida,28.5355,77.391,318,143.0,235.6,92.5,14.7,3.2,17.2,28.2,57.9,9.2,298.8,1009.5,0.0,350.0,894.4,0.351,0.607,135.3,221.73,312.0,19,4,4,9,-0.9659,0.2588,-0.4339,-0.901,309,320,323,312.7,314.8,322.2,131.6,215.5
2026-09-04 20:00:00+00:00,Noida,28.5355,77.391,319,144.5,239.9,90.3,14.4,3.12,16.2,25.7,66.2,7.5,311.8,1009.7,0.0,350.0,729.2,0.475,0.602,139.7,230.33,315.3,20,4,4,9,-0.866,0.5,-0.4339,-0.901,318,309,315,312.0,314.0,319.8,143.0,235.6
2026-09-04 21:00:00+00:00,Noida,28.5355,77.391,333,162.3,271.7,97.6,15.5,3.37,17.7,24.9,71.1,6.6,305.0,1010.5,0.0,350.0,641.7,0.543,0.597,149.93,249.07,323.3,21,4,4,9,-0.7071,0.7071,-0.4339,-0.901,319,309,313,315.3,314.7,318.7,144.5,239.9
2026-09-04 22:00:00+00:00,Noida,28.5355,77.391,388,234.6,395.9,69.8,15.5,2.37,16.8,24.1,75.1,5.8,305.3,1011.0,0.0,350.0,563.9,0.602,0.593,180.47,302.5,346.7,22,4,4,9,-0.5,0.866,-0.4339,-0.901,333,318,320,323.3,318.0,319.0,162.3,271.7
2026-09-04 23:00:00+00:00,Noida,28.5355,77.391,408,259.9,441.8,74.4,16.5,2.53,18.7,22.3,76.0,4.3,314.8,1011.4,0.0,350.0,418.1,0.668,0.588,218.93,369.8,376.3,23,4,4,9,-0.2588,0.9659,-0.4339,-0.901,388,319,309,346.7,329.3,324.2,234.6,395.9
2026-09-05 00:00:00+00:00,Noida,28.5355,77.391,416,266.9,456.7,73.9,16.4,2.51,19.0,20.7,83.7,3.4,315.9,1011.6,0.0,350.0,330.6,0.755,0.584,253.8,431.47,404.0,0,5,5,9,0.0,1.0,-0.9749,-0.2225,408,333,309,376.3,345.8,331.5,259.9,441.8
2026-09-05 01:00:00+00:00,Noida,28.5355,77.391,400,249.8,429.5,47.0,14.9,1.6,17.9,20.2,83.4,3.2,300.4,1011.3,0.0,350.0,311.1,0.761,0.582,258.87,442.67,408.0,1,5,5,9,0.2588,0.9659,-0.9749,-0.2225,416,388,318,404.0,363.7,339.2,266.9,456.7
2026-09-05 02:00:00+00:00,Noida,28.5355,77.391,398,248.0,428.1,45.7,14.5,1.55,20.0,20.4,84.5,3.0,304.5,1011.2,0.0,350.0,291.7,0.777,0.579,254.9,438.1,404.7,2,5,5,9,0.5,0.866,-0.9749,-0.2225,400,408,319,408.0,377.3,345.7,249.8,429.5
2026-09-05 03:00:00+00:00,Noida,28.5355,77.391,427,274.5,474.9,49.9,15.8,1.7,17.2,21.1,82.3,2.8,312.2,1010.5,0.0,350.0,272.2,0.77,0.578,257.43,444.17,408.3,3,5,5,9,0.7071,0.7071,-0.9749,-0.2225,398,416,333,404.7,390.5,352.6,248.0,428.1
2026-09-05 04:00:00+00:00,Noida,28.5355,77.391,432,279.5,483.9,50.6,16.1,1.72,18.9,21.8,80.7,4.0,312.1,1010.0,0.0,350.0,388.9,0.711,0.578,267.33,462.3,419.0,4,5,5,9,0.866,0.5,-0.9749,-0.2225,427,400,388,408.3,406.2,362.1,274.5,474.9
2026-09-05 05:00:00+00:00,Noida,28.5355,77.391,430,277.4,479.9,72.1,16.0,2.45,18.3,22.6,75.8,4.3,308.2,1009.6,0.0,350.0,418.1,0.667,0.578,277.13,479.57,429.7,5,5,5,9,0.9659,0.2588,-0.9749,-0.2225,432,398,408,419.0,413.5,371.4,279.5,483.9
2026-09-05 06:00:00+00:00,Noida,28.5355,77.391,398,247.8,427.9,71.0,15.9,2.43,16.6,23.9,74.4,4.6,297.6,1009.4,0.0,350.0,447.2,0.645,0.579,268.23,463.9,420.0,6,5,5,9,1.0,0.0,-0.9749,-0.2225,430,427,416,429.7,417.2,381.5,277.4,479.9
2026-09-05 07:00:00+00:00,Noida,28.5355,77.391,340,171.7,295.3,61.9,14.3,2.14,16.6,25.2,66.8,7.2,283.3,1009.2,0.0,486.4,972.8,0.491,0.581,232.3,401.03,389.3,7,5,5,9,0.9659,-0.2588,-0.9749,-0.2225,398,432,400,420.0,414.2,388.9,247.8,427.9
2026-09-05 08:00:00+00:00,Noida,28.5355,77.391,345,178.5,305.4,89.4,15.3,3.09,26.2,26.8,63.6,8.0,295.9,1010.1,0.0,623.6,1385.8,0.437,0.584,199.33,342.87,361.0,8,5,5,9,0.866,-0.5,-0.9749,-0.2225,340,430,398,389.3,404.2,390.8,171.7,295.3
2026-09-05 09:00:00+00:00,Noida,28.5355,77.391,332,161.3,274.2,83.6,14.3,2.89,37.8,27.5,57.4,8.3,287.6,1010.5,0.0,764.7,1763.1,0.384,0.588,170.5,291.63,339.0,9,5,5,9,0.7071,-0.7071,-0.9749,-0.2225,345,398,427,361.0,395.3,392.9,178.5,305.4
2026-09-05 10:00:00+00:00,Noida,28.5355,77.391,334,163.7,276.2,88.1,15.0,3.05,50.3,30.2,53.2,9.5,287.4,1011.2,0.0,880.9,2324.6,0.308,0.593,167.83,285.27,337.0,10,5,5,9,0.5,-0.866,-0.9749,-0.2225,332,340,432,339.0,379.5,392.8,161.3,274.2
2026-09-05 11:00:00+00:00,Noida,28.5355,77.391,335,165.4,276.9,68.6,15.8,2.37,58.0,30.9,48.3,10.2,281.7,1011.4,0.0,972.2,2754.6,0.247,0.597,163.47,275.77,333.7,11,5,5,9,0.2588,-0.9659,-0.9749,-0.2225,334,345,430,337.0,363.2,388.3,163.7,276.2
2026-09-05 12:00:00+00:00,Noida,28.5355,77.391,330,158.3,262.7,68.2,15.7,2.36,65.5,31.4,45.2,11.8,276.3,1011.6,0.0,1013.7,3322.7,0.163,0.603,162.47,271.93,333.0,12,5,5,9,0.0,-1.0,-0.9749,-0.2225,335,332,398,333.7,347.3,382.2,165.4,276.9
2026-09-05 13:00:00+00:00,Noida,28.5355,77.391,323,150.3,247.6,67.0,15.4,2.32,66.431,31.9,42.8,12.2,278.1,1011.8,0.0,1005.8,3408.5,0.131,0.607,158.0,262.4,329.3,13,5,5,9,-0.2588,-0.9659,-0.9749,-0.2225,330,334,340,333.0,336.0,375.1,158.3,262.7
2026-09-05 14:00:00+00:00,Noida,28.5355,77.391,314,137.9,225.8,63.2,14.6,2.18,60.8,33.0,43.0,11.6,286.3,1011.0,0.0,936.9,3018.9,0.156,0.611,148.83,245.37,322.3,14,5,5,9,-0.5,-0.866,-0.9749,-0.2225,323,335,345,329.3,333.2,368.7,150.3,247.6
2026-09-05 15:00:00+00:00,Noida,28.5355,77.391,307,128.9,210.1,60.1,13.8,2.08,54.7,32.3,43.2,11.9,293.1,1010.6,0.0,828.3,2738.0,0.145,0.614,139.03,227.83,314.7,15,5,5,9,-0.7071,-0.7071,-0.9749,-0.2225,314,330,332,322.3,328.0,361.7,137.9,225.8
2026-09-05 16:00:00+00:00,Noida,28.5355,77.391,241,102.7,167.2,60.2,14.2,2.1,44.1,31.8,45.4,11.7,288.1,1010.0,1.3,681.2,2213.9,0.168,0.614,123.17,201.03,287.3,16,5,5,9,-0.866,-0.5,-0.9749,-0.2225,307,323,334,314.7,323.8,351.7,128.9,210.1
2026-09-05 17:00:00+00:00,Noida,28.5355,77.391,186,85.8,139.8,63.1,15.1,2.22,31.6,30.1,51.2,9.7,292.1,1009.7,2.3,512.0,1379.6,0.287,0.614,105.8,172.37,244.7,17,5,5,9,-0.9659,-0.2588,-0.9749,-0.2225,241,314,335,287.3,308.3,335.8,102.7,167.2
2026-09-05 18:00:00+00:00,Noida,28.5355,77.391,109,53.837,88.70700000000001,77.0,13.067,2.73,18.3,29.5,52.5,10.7,291.4,1009.4,3.6,350.0,1040.3,0.255,0.607,80.78,131.9,178.7,18,5,5,9,-1.0,-0.0,-0.9749,-0.2225,186,307,330,244.7,283.5,315.4,85.8,139.8
2026-09-05 19:00:00+00:00,Noida,28.5355,77.391,109,54.2,89.4,78.1,13.1,2.77,19.7,28.1,59.9,9.5,307.1,1009.3,3.5,350.0,923.6,0.353,0.606,64.61,105.97,134.7,19,5,5,9,-0.9659,0.2588,-0.9749,-0.2225,109,241,323,178.7,246.7,291.3,53.84,88.71
2026-09-05 20:00:00+00:00,Noida,28.5355,77.391,329,158.1,262.4,98.8,15.7,3.42,19.5,27.3,63.5,7.5,311.2,1010.2,0.0,350.0,729.2,0.457,0.603,88.71,146.84,182.3,20,5,5,9,-0.866,0.5,-0.9749,-0.2225,109,186,314,134.7,211.0,272.1,54.2,89.4
2026-09-05 21:00:00+00:00,Noida,28.5355,77.391,374,215.6,360.8,100.52399999999994,16.3,3.466399999999999,18.2,24.2,69.5,5.5,315.3,1010.4,0.0,350.0,534.7,0.577,0.598,142.63,237.53,270.7,21,5,5,9,-0.7071,0.7071,-0.9749,-0.2225,329,109,307,182.3,213.5,270.8,158.1,262.4
2026-09-05 22:00:00+00:00,Noida,28.5355,77.391,341,172.6,291.3,61.5,14.0,2.11,16.6,23.5,76.2,6.0,307.4,1010.9,0.0,350.0,583.3,0.601,0.593,182.1,304.83,348.0,22,5,5,9,-0.5,0.866,-0.9749,-0.2225,374,109,241,270.7,224.7,274.2,215.6,360.8
2026-09-05 23:00:00+00:00,Noida,28.5355,77.391,395,243.6,414.2,69.8,15.5,2.37,19.0,22.2,76.9,3.7,314.2,1011.7,0.0,350.0,359.7,0.698,0.588,210.6,355.43,370.0,23,5,5,9,-0.2588,0.9659,-0.9749,-0.2225,341,329,186,348.0,241.3,274.8,172.6,291.3
2026-09-06 00:00:00+00:00,Noida,28.5355,77.391,387,232.9,398.5,64.5,14.3,2.19,18.7,20.8,83.1,4.4,316.5,1011.7,0.0,350.0,427.8,0.711,0.584,216.37,368.0,374.3,0,6,6,9,0.0,1.0,-0.7818,0.6235,395,374,109,370.0,276.2,279.8,243.6,414.2
2026-09-06 01:00:00+00:00,Noida,28.5355,77.391,397,245.7,422.7,46.3,14.7,1.57,19.0,20.2,81.5,2.8,304.4,1011.4,0.0,350.0,272.2,0.765,0.581,240.73,411.8,393.0,1,6,6,9,0.2588,0.9659,-0.7818,0.6235,387,341,109,374.3,322.5,284.6,232.9,398.5
2026-09-06 02:00:00+00:00,Noida,28.5355,77.391,422,270.2,466.5,49.8,15.8,1.69,16.2,21.2,83.0,3.4,298.2,1011.2,0.0,350.0,330.6,0.751,0.579,249.6,429.23,402.0,2,6,6,9,0.5,0.866,-0.7818,0.6235,397,395,329,393.0,370.5,290.8,245.7,422.7
2026-09-06 03:00:00+00:00,Noida,28.5355,77.391,427,274.3,474.5,49.9,15.8,1.7,17.2,20.1,82.4,3.0,305.7,1010.7,0.0,350.0,291.7,0.763,0.578,263.4,454.57,415.3,3,6,6,9,0.7071,0.7071,-0.7818,0.6235,422,387,374,402.0,386.0,299.8,270.2,466.5
2026-09-06 04:00:00+00:00,Noida,28.5355,77.391,404,251.2,434.9,45.5,14.4,1.55,16.6,20.7,83.4,3.2,304.8,1009.7,0.0,350.0,311.1,0.761,0.578,265.23,458.63,417.7,4,6,6,9,0.866,0.5,-0.7818,0.6235,427,397,341,415.3,394.8,309.8,274.3,474.5
2026-09-06 05:00:00+00:00,Noida,28.5355,77.391,420,267.2,462.3,69.4,15.4,2.36,18.7,22.7,78.7,4.1,299.9,1009.4,0.0,350.0,398.6,0.694,0.578,264.23,457.23,417.0,5,6,6,9,0.9659,0.2588,-0.7818,0.6235,404,422,395,417.7,405.3,323.3,251.2,434.9
2026-09-06 06:00:00+00:00,Noida,28.5355,77.391,387,233.0,402.3,66.7,15.0,2.28,18.8,23.0,72.7,5.8,302.5,1009.0,0.0,350.0,563.9,0.586,0.579,250.47,433.17,403.7,6,6,6,9,1.0,0.0,-0.7818,0.6235,420,427,387,417.0,409.5,342.8,267.2,462.3
2026-09-06 07:00:00+00:00,Noida,28.5355,77.391,387,232.7,400.3,68.1,15.3,2.33,16.6,24.3,69.5,5.5,292.1,1009.5,0.0,482.0,736.4,0.577,0.581,244.3,421.63,398.0,7,6,6,9,0.9659,-0.2588,-0.7818,0.6235,387,404,397,403.7,409.5,366.0,233.0,402.3
2026-09-06 08:00:00+00:00,Noida,28.5355,77.391,331,160.7,275.0,80.5,13.7,2.78,27.9,26.2,64.1,6.7,281.6,1009.9,0.0,622.0,1157.6,0.493,0.584,208.8,359.2,368.3,8,6,6,9,0.866,-0.5,-0.7818,0.6235,387,420,422,398.0,407.8,389.2,232.7,400.3
2026-09-06 09:00:00+00:00,Noida,28.5355,77.391,335,165.2,280.9,85.6,14.6,2.96,40.0,28.5,58.6,8.7,283.5,1010.2,0.0,759.3,1835.0,0.376,0.588,186.2,318.73,351.0,9,6,6,9,0.7071,-0.7071,-0.7818,0.6235,331,387,427,368.3,392.7,389.3,160.7,275.0
2026-09-06 10:00:00+00:00,Noida,28.5355,77.391,322,148.4,250.4,79.9,13.6,2.76,48.8,29.9,53.5,10.4,286.9,1011.1,0.0,879.3,2540.2,0.274,0.593,158.1,268.77,329.3,10,6,6,9,0.5,-0.866,-0.7818,0.6235,335,387,404,351.0,377.3,386.1,165.2,280.9
2026-09-06 11:00:00+00:00,Noida,28.5355,77.391,317,142.3,238.1,59.0,13.6,2.04,56.1,30.0,52.3,11.6,271.9,1011.8,0.0,947.7,3053.7,0.218,0.598,151.97,256.47,324.7,11,6,6,9,0.2588,-0.9659,-0.7818,0.6235,322,331,420,329.3,363.7,384.5,148.4,250.4
2026-09-06 12:00:00+00:00,Noida,28.5355,77.391,331,159.7,265.1,68.8,15.9,2.38,62.1,32.1,48.0,12.4,282.9,1011.7,0.0,996.0,3430.7,0.157,0.602,150.13,251.2,323.3,12,6,6,9,0.0,-1.0,-0.7818,0.6235,317,335,387,324.7,346.5,378.0,142.3,238.1
2026-09-06 13:00:00+00:00,Noida,28.5355,77.391,319,143.9,237.1,64.2,14.8,2.22,64.0,32.9,46.7,11.6,284.2,1011.6,0.0,981.9,3163.9,0.181,0.607,148.63,246.77,322.3,13,6,6,9,-0.2588,-0.9659,-0.7818,0.6235,331,322,387,323.3,337.2,373.3,159.7,265.1
2026-09-06 14:00:00+00:00,Noida,28.5355,77.391,310,133.0,217.8,61.0,14.0,2.11,60.1,32.3,42.4,12.1,282.6,1011.2,0.0,940.2,3160.1,0.132,0.611,145.53,240.0,320.0,14,6,6,9,-0.5,-0.866,-0.7818,0.6235,319,317,331,322.3,325.8,366.8,143.9,237.1
2026-09-06 15:00:00+00:00,Noida,28.5355,77.391,319,143.9,234.6,67.1,15.5,2.32,53.0,31.5,43.7,12.2,285.3,1010.5,0.0,826.0,2799.2,0.137,0.613,140.27,229.83,316.0,15,6,6,9,-0.7071,-0.7071,-0.7818,0.6235,310,331,335,320.0,322.3,357.5,133.0,217.8
2026-09-06 16:00:00+00:00,Noida,28.5355,77.391,318,142.7,232.4,67.0,15.4,2.31,42.8,31.5,45.6,12.3,292.0,1009.7,0.0,680.6,2325.4,0.145,0.614,139.87,228.27,315.7,16,6,6,9,-0.866,-0.5,-0.7818,0.6235,319,319,322,316.0,319.7,348.5,143.9,234.6
2026-09-06 17:00:00+00:00,Noida,28.5355,77.391,305,126.6,206.4,59.0,13.6,2.04,30.4,31.2,51.8,9.7,285.2,1009.2,0.0,511.0,1376.9,0.291,0.613,137.73,224.47,314.0,17,6,6,9,-0.9659,-0.2588,-0.7818,0.6235,318,310,317,315.7,319.0,341.3,142.7,232.4
2026-09-06 18:00:00+00:00,Noida,28.5355,77.391,310,132.9,217.6,88.3,14.0,3.05,19.5,29.8,51.7,10.2,293.0,1009.1,0.0,350.0,991.7,0.27,0.611,134.07,218.8,311.0,18,6,6,9,-1.0,-0.0,-0.7818,0.6235,305,319,331,314.0,317.0,331.8,126.6,206.4
2026-09-06 19:00:00+00:00,Noida,28.5355,77.391,315,138.9,228.8,89.8,14.3,3.1,18.4,27.3,58.8,8.2,305.2,1009.6,0.0,350.0,797.2,0.397,0.607,132.8,217.6,310.0,19,6,6,9,-0.9659,0.2588,-0.7818,0.6235,310,318,319,311.0,313.5,325.3,132.9,217.6
2026-09-06 20:00:00+00:00,Noida,28.5355,77.391,317,141.4,234.7,88.4,14.0,3.05,17.2,26.8,63.1,7.1,295.4,1010.0,0.0,350.0,690.3,0.47,0.602,137.73,227.03,314.0,20,6,6,9,-0.866,0.5,-0.7818,0.6235,315,305,310,310.0,312.8,319.3,138.9,228.8
2026-09-06 21:00:00+00:00,Noida,28.5355,77.391,325,152.0,254.4,91.4,14.5,3.16,18.0,24.2,71.4,7.1,313.8,1010.6,0.0,350.0,690.3,0.525,0.597,144.1,239.3,319.0,21,6,6,9,-0.7071,0.7071,-0.7818,0.6235,317,310,319,314.0,314.0,318.2,141.4,234.7
2026-09-06 22:00:00+00:00,Noida,28.5355,77.391,384,228.9,386.3,68.1,15.1,2.32,16.6,24.3,76.2,5.6,313.7,1011.0,0.0,350.0,544.4,0.617,0.593,174.1,291.8,342.0,22,6,6,9,-0.5,0.866,-0.7818,0.6235,325,315,318,319.0,315.0,317.3,152.0,254.4
2026-09-06 23:00:00+00:00,Noida,28.5355,77.391,399,249.0,423.3,71.3,15.8,2.42,19.2,22.1,79.4,4.3,316.5,1011.4,0.0,350.0,418.1,0.691,0.588,209.97,354.67,369.3,23,6,6,9,-0.2588,0.9659,-0.7818,0.6235,384,317,305,342.0,326.0,322.5,228.9,386.3
2026-09-07 00:00:00+00:00,Noida,28.5355,77.391,392,239.1,409.2,66.2,14.7,2.25,16.8,22.0,81.6,4.5,311.1,1011.5,0.0,350.0,437.5,0.697,0.584,239.0,406.27,391.7,0,7,0,9,0.0,1.0,0.0,1.0,399,325,310,369.3,341.7,329.3,249.0,423.3
2026-09-07 01:00:00+00:00,Noida,28.5355,77.391,395,243.9,419.5,45.9,14.6,1.56,17.1,20.9,85.4,3.8,301.3,1011.7,0.0,350.0,369.4,0.751,0.581,244.0,417.33,395.3,1,7,0,9,0.2588,0.9659,0.0,1.0,392,384,315,391.7,355.3,334.4,239.1,409.2
2026-09-07 02:00:00+00:00,Noida,28.5355,77.391,424,271.5,468.8,50.0,15.9,1.7,18.2,20.8,84.5,3.7,301.8,1011.3,0.0,350.0,359.7,0.749,0.579,251.5,432.5,403.7,2,7,0,9,0.5,0.866,0.0,1.0,395,399,317,395.3,368.7,340.8,243.9,419.5
2026-09-07 03:00:00+00:00,Noida,28.5355,77.391,437,280.2755,485.1869999999999,51.7,16.4,1.76,19.8,20.7,85.2,2.8,314.7,1010.2,0.0,350.0,272.2,0.789,0.578,265.23,457.83,418.7,3,7,0,9,0.7071,0.7071,0.0,1.0,424,392,325,403.7,386.5,350.2,271.5,468.8
2026-09-07 04:00:00+00:00,Noida,28.5355,77.391,407,254.2,440.1,46.0,14.6,1.57,19.7,20.7,83.8,3.6,297.4,1010.0,0.0,350.0,350.0,0.748,0.578,268.66,464.7,422.7,4,7,0,9,0.866,0.5,0.0,1.0,437,395,384,418.7,405.2,360.1,280.28,485.19
2026-09-07 05:00:00+00:00,Noida,28.5355,77.391,408,255.5,442.0,66.4,14.7,2.26,18.1,22.3,79.5,4.1,299.6,1009.4,0.0,350.0,398.6,0.699,0.578,263.33,455.76,417.3,5,7,0,9,0.9659,0.2588,0.0,1.0,407,424,399,422.7,409.0,367.5,254.2,440.1
2026-09-07 06:00:00+00:00,Noida,28.5355,77.391,356,192.8,332.8,68.0,15.7,2.35,17.5,23.5,72.0,6.2,294.4,1009.5,0.0,350.0,602.8,0.565,0.579,234.17,404.97,390.3,6,7,0,9,1.0,0.0,0.0,1.0,408,437,392,417.3,410.5,376.1,255.5,442.0
2026-09-07 07:00:00+00:00,Noida,28.5355,77.391,397,246.1,423.2,72.0,16.2,2.46,18.3,24.8,69.5,5.8,284.0,1009.3,0.0,482.0,776.6,0.565,0.582,231.47,399.33,387.0,7,7,0,9,0.9659,-0.2588,0.0,1.0,356,407,395,390.3,404.5,379.9,192.8,332.8
2026-09-07 08:00:00+00:00,Noida,28.5355,77.391,340,172.0,294.3,86.1,14.7,2.98,28.8,26.4,62.3,7.2,285.1,1010.1,0.0,627.7,1255.4,0.461,0.584,203.63,350.1,364.3,8,7,0,9,0.866,-0.5,0.0,1.0,397,408,424,387.0,404.8,386.8,246.1,423.2
2026-09-07 09:00:00+00:00,Noida,28.5355,77.391,336,166.0,282.2,86.0,14.7,2.97,37.8,28.3,57.6,9.3,293.7,1010.6,0.0,763.8,1973.2,0.345,0.588,194.7,333.23,357.7,9,7,0,9,0.7071,-0.7071,0.0,1.0,340,356,437,364.3,390.8,388.7,172.0,294.3
2026-09-07 10:00:00+00:00,Noida,28.5355,77.391,332,161.1,271.8,86.7,14.8,3.0,50.5,30.0,52.3,10.2,281.8,1011.4,0.0,885.9,2510.0,0.274,0.593,166.37,282.77,336.0,10,7,0,9,0.5,-0.866,0.0,1.0,336,397,407,357.7,374.0,389.6,166.0,282.2
2026-09-07 11:00:00+00:00,Noida,28.5355,77.391,331,160.3,268.3,66.5,15.3,2.3,58.9,30.0,47.5,11.4,289.4,1011.6,0.0,977.0,3093.8,0.194,0.597,162.47,274.1,333.0,11,7,0,9,0.2588,-0.9659,0.0,1.0,332,340,408,336.0,361.5,385.2,161.1,271.8
2026-09-07 12:00:00+00:00,Noida,28.5355,77.391,319,145.0,240.7,62.5,14.4,2.16,64.7,32.2,45.3,11.8,270.2,1011.7,0.0,1013.1,3320.7,0.163,0.602,155.47,260.27,327.3,12,7,0,9,0.0,-1.0,0.0,1.0,331,336,356,333.0,348.7,379.6,160.3,268.3
2026-09-07 13:00:00+00:00,Noida,28.5355,77.391,319,144.2,237.6,64.3,14.8,2.22,62.3,32.6,45.3,11.8,280.3,1011.2,0.0,990.5,3246.6,0.163,0.607,149.83,248.87,323.0,13,7,0,9,-0.2588,-0.9659,0.0,1.0,319,332,397,327.3,342.5,373.5,145.0,240.7
2026-09-07 14:00:00+00:00,Noida,28.5355,77.391,318,143.1,234.3,65.6,15.1,2.27,63.1,32.5,42.9,13.0,272.4,1011.3,0.0,937.4,3385.1,0.099,0.611,144.1,237.53,318.7,14,7,0,9,-0.5,-0.866,0.0,1.0,319,331,340,323.0,329.5,367.2,144.2,237.6
2026-09-07 15:00:00+00:00,Noida,28.5355,77.391,314,137.4,224.0,64.1,14.8,2.21,55.8,33.0,42.7,11.0,277.4,1010.3,0.0,830.5,2537.6,0.178,0.613,141.57,231.97,317.0,15,7,0,9,-0.7071,-0.7071,0.0,1.0,318,319,336,318.7,325.8,358.3,143.1,234.3
2026-09-07 16:00:00+00:00,Noida,28.5355,77.391,321,146.7,238.8,68.8,15.9,2.38,41.8,31.3,46.2,11.1,285.6,1009.9,0.0,678.7,2092.7,0.197,0.614,142.4,232.37,317.7,16,7,0,9,-0.866,-0.5,0.0,1.0,314,319,332,317.0,322.2,348.1,137.4,224.0
2026-09-07 17:00:00+00:00,Noida,28.5355,77.391,306,127.9,208.5,59.7,13.7,2.06,29.6,31.0,51.6,11.0,298.3,1009.6,0.0,511.3,1562.3,0.237,0.613,137.33,223.77,313.7,17,7,0,9,-0.9659,-0.2588,0.0,1.0,321,318,331,317.7,320.3,340.9,146.7,238.8
2026-09-07 18:00:00+00:00,Noida,28.5355,77.391,314,137.7,225.5,91.5,14.5,3.16,19.1,29.6,51.8,8.8,288.4,1009.3,0.0,350.0,855.6,0.327,0.611,137.43,224.27,313.7,18,7,0,9,-1.0,-0.0,0.0,1.0,306,314,319,313.7,316.2,332.4,127.9,208.5
2026-09-07 19:00:00+00:00,Noida,28.5355,77.391,313,136.4,224.8,88.2,14.0,3.05,19.5,28.2,60.6,7.9,299.4,1009.2,0.0,350.0,768.1,0.421,0.607,134.0,219.6,311.0,19,7,0,9,-0.9659,0.2588,0.0,1.0,314,321,319,313.7,315.3,328.9,137.7,225.5
2026-09-07 20:00:00+00:00,Noida,28.5355,77.391,329,157.5,261.4,98.4,15.6,3.4,18.3,27.1,63.9,6.6,294.0,1010.2,0.0,350.0,641.7,0.495,0.603,143.87,237.23,318.7,20,7,0,9,-0.866,0.5,0.0,1.0,313,306,318,311.0,314.3,321.9,136.4,224.8
2026-09-07 21:00:00+00:00,Noida,28.5355,77.391,315,139.0,232.6,93.5,15.0,3.25,17.6,24.2,71.3,6.0,314.8,1010.6,0.7,350.0,583.3,0.569,0.598,144.3,239.6,319.0,21,7,0,9,-0.7071,0.7071,0.0,1.0,329,314,314,318.7,316.2,321.0,157.5,261.4
2026-09-07 22:00:00+00:00,Noida,28.5355,77.391,378,221.2,373.3,71.5,16.1,2.45,17.3,22.8,72.3,4.7,314.7,1011.0,0.0,350.0,456.9,0.627,0.593,172.57,289.1,340.7,22,7,0,9,-0.5,0.866,0.0,1.0,315,313,321,319.0,316.3,319.2,139.0,232.6
2026-09-07 23:00:00+00:00,Noida,28.5355,77.391,407,259.3,440.8,74.3,16.5,2.52,16.2,22.7,76.3,5.3,314.0,1011.5,0.0,350.0,515.3,0.63,0.588,206.5,348.9,366.7,23,7,0,9,-0.2588,0.9659,0.0,1.0,378,329,306,340.7,325.8,323.1,221.2,373.3
2026-09-08 00:00:00+00:00,Noida,28.5355,77.391,396,245.3,419.7,67.9,15.1,2.31,19.1,21.2,83.0,3.3,315.4,1012.0,0.0,350.0,320.8,0.755,0.584,241.93,411.27,393.7,0,8,1,9,0.0,1.0,0.7818,0.6235,407,315,314,366.7,342.7,329.4,259.3,440.8
2026-09-08 01:00:00+00:00,Noida,28.5355,77.391,426,274.7,472.5,51.7,16.4,1.76,17.7,20.0,82.2,4.1,309.3,1011.5,0.0,350.0,398.6,0.717,0.581,259.77,444.33,409.7,1,8,1,9,0.2588,0.9659,0.7818,0.6235,396,378,313,393.7,356.3,335.8,245.3,419.7
2026-09-08 02:00:00+00:00,Noida,28.5355,77.391,423,271.1,468.0,50.0,15.9,1.7,16.3,20.8,84.8,2.2,310.4,1011.3,0.0,350.0,213.9,0.811,0.579,263.7,453.4,415.0,2,8,1,9,0.5,0.866,0.7818,0.6235,426,407,329,409.7,375.2,344.8,274.7,472.5
2026-09-08 03:00:00+00:00,Noida,28.5355,77.391,401,248.9,430.6,45.3,14.4,1.54,16.166999999999998,20.2,84.4,3.4,310.4,1010.4,0.0,350.0,330.6,0.76,0.578,264.9,457.03,416.7,3,8,1,9,0.7071,0.7071,0.7818,0.6235,423,396,315,415.0,390.8,353.5,271.1,468.0
2026-09-08 04:00:00+00:00,Noida,28.5355,77.391,417,264.6,458.2,47.9,15.2,1.63,18.2,21.0,80.6,3.1,295.2,1009.7,0.0,350.0,301.4,0.747,0.577,261.53,452.27,413.7,4,8,1,9,0.866,0.5,0.7818,0.6235,401,426,378,416.7,405.2,360.8,248.9,430.6
2026-09-08 05:00:00+00:00,Noida,28.5355,77.391,411,258.2,446.7,67.1,14.9,2.28,17.5,22.1,75.8,4.0,290.7,1009.5,0.0,350.0,388.9,0.679,0.578,257.23,445.17,409.7,5,8,1,9,0.9659,0.2588,0.7818,0.6235,417,423,407,413.7,411.7,368.8,264.6,458.2
2026-09-08 06:00:00+00:00,Noida,28.5355,77.391,405,253.0,436.8,72.4,16.3,2.48,18.3,23.2,73.4,4.4,303.0,1009.5,0.0,350.0,427.8,0.647,0.579,258.6,447.23,411.0,6,8,1,9,1.0,0.0,0.7818,0.6235,411,401,396,409.7,412.3,377.5,258.2,446.7
2026-09-08 07:00:00+00:00,Noida,28.5355,77.391,372,214.0,368.0,62.6,14.1,2.14,17.7,24.4,68.6,5.6,287.1,1009.5,0.0,483.4,752.0,0.567,0.582,241.73,417.17,396.0,7,8,1,9,0.9659,-0.2588,0.7818,0.6235,405,417,426,411.0,413.8,385.1,253.0,436.8
2026-09-08 08:00:00+00:00,Noida,28.5355,77.391,343,175.4,300.2,87.9,15.0,3.04,28.3,26.4,63.9,6.7,282.5,1009.7,0.0,622.6,1158.7,0.491,0.584,214.13,368.33,373.3,8,8,1,9,0.866,-0.5,0.7818,0.6235,372,411,423,396.0,404.8,390.0,214.0,368.0
2026-09-08 09:00:00+00:00,Noida,28.5355,77.391,338,169.4,288.0,87.8,15.0,3.03,40.5,27.6,56.9,8.3,293.4,1010.4,0.0,766.9,1768.1,0.381,0.588,186.27,318.73,351.0,9,8,1,9,0.7071,-0.7071,0.7818,0.6235,343,405,401,373.3,391.5,391.2,175.4,300.2
2026-09-08 10:00:00+00:00,Noida,28.5355,77.391,324,150.7,254.3,81.1,13.8,2.8,48.8,29.2,53.2,10.4,289.2,1011.4,0.0,880.9,2544.8,0.272,0.593,165.17,280.83,335.0,10,8,1,9,0.5,-0.866,0.7818,0.6235,338,372,417,351.0,381.0,393.1,169.4,288.0
2026-09-08 11:00:00+00:00,Noida,28.5355,77.391,322,148.7,248.8,61.7,14.2,2.13,59.5,31.5,48.4,10.3,289.8,1011.8,0.0,971.5,2779.6,0.244,0.598,156.27,263.7,328.0,11,8,1,9,0.2588,-0.9659,0.7818,0.6235,324,343,411,335.0,365.5,388.6,150.7,254.3
2026-09-08 12:00:00+00:00,Noida,28.5355,77.391,320,145.5,241.5,62.7,14.4,2.17,61.6,31.7,47.1,10.9,277.5,1011.9,0.0,1001.7,3032.9,0.211,0.602,148.3,248.2,322.0,12,8,1,9,0.0,-1.0,0.7818,0.6235,322,338,405,328.0,350.7,381.5,148.7,248.8
2026-09-08 13:00:00+00:00,Noida,28.5355,77.391,326,153.4,252.7,68.4,15.8,2.36,64.2,32.4,45.1,11.9,284.1,1011.6,0.0,991.7,3278.1,0.158,0.607,149.2,247.67,322.7,13,8,1,9,-0.2588,-0.9659,0.7818,0.6235,320,324,372,322.0,336.5,375.2,145.5,241.5
2026-09-08 14:00:00+00:00,Noida,28.5355,77.391,320,145.8,238.7,66.8,15.4,2.31,61.0,32.8,43.7,11.6,285.9,1011.3,0.0,933.0,3006.3,0.161,0.611,148.23,244.3,322.0,14,8,1,9,-0.5,-0.866,0.7818,0.6235,326,322,343,322.7,328.8,366.8,153.4,252.7
2026-09-08 15:00:00+00:00,Noida,28.5355,77.391,318,143.1,233.4,66.8,15.4,2.31,51.6,32.3,45.3,11.3,287.6,1010.6,0.0,818.9,2570.4,0.183,0.613,147.43,241.6,321.3,15,8,1,9,-0.7071,-0.7071,0.7818,0.6235,320,320,338,322.0,325.0,358.2,145.8,238.7
2026-09-08 16:00:00+00:00,Noida,28.5355,77.391,316,140.2,228.2,65.8,15.2,2.27,43.0,32.5,46.6,11.2,287.6,1010.2,0.0,677.4,2107.5,0.196,0.614,143.03,233.43,318.0,16,8,1,9,-0.866,-0.5,0.7818,0.6235,318,326,324,321.3,321.7,351.3,143.1,233.4
2026-09-08 17:00:00+00:00,Noida,28.5355,77.391,306,127.7,208.2,59.6,13.7,2.06,31.5,31.2,49.2,11.5,291.9,1009.5,0.0,515.2,1645.8,0.201,0.613,137.0,223.27,313.3,17,8,1,9,-0.9659,-0.2588,0.7818,0.6235,316,320,322,318.0,320.3,342.9,140.2,228.2
2026-09-08 18:00:00+00:00,Noida,28.5355,77.391,318,143.2,234.4,95.1,15.1,3.29,17.6,29.8,53.3,10.0,285.9,1009.6,0.0,350.0,972.2,0.289,0.611,137.03,223.6,313.3,18,8,1,9,-1.0,-0.0,0.7818,0.6235,306,318,320,313.3,317.7,334.2,127.7,208.2
2026-09-08 19:00:00+00:00,Noida,28.5355,77.391,318,143.3,236.0,92.7,14.7,3.2,18.1,28.5,61.2,8.5,289.1,1009.3,0.0,350.0,826.4,0.401,0.607,138.07,226.2,314.0,19,8,1,9,-0.9659,0.2588,0.7818,0.6235,318,316,326,313.3,317.3,326.9,143.2,234.4
2026-09-08 20:00:00+00:00,Noida,28.5355,77.391,323,150.1,249.2,93.8,14.9,3.24,18.0,26.6,64.4,7.4,300.3,1010.1,0.0,350.0,719.4,0.467,0.602,145.53,239.87,319.7,20,8,1,9,-0.866,0.5,0.7818,0.6235,318,306,320,314.0,316.0,322.4,143.3,236.0
2026-09-08 21:00:00+00:00,Noida,28.5355,77.391,352,187.6,314.1,91.6,14.2,3.13,19.8,24.7,66.8,5.5,303.9,1010.8,0.0,350.0,534.7,0.559,0.597,160.33,266.43,331.0,21,8,1,9,-0.7071,0.7071,0.7818,0.6235,323,318,318,319.7,316.5,320.8,150.1,249.2
2026-09-08 22:00:00+00:00,Noida,28.5355,77.391,367,207.2,349.7,67.0,15.1,2.29,17.8,22.9,73.1,5.2,302.1,1011.1,0.0,350.0,505.6,0.613,0.593,181.63,304.33,347.3,22,8,1,9,-0.5,0.866,0.7818,0.6235,352,318,316,331.0,322.2,321.9,187.6,314.1
2026-09-08 23:00:00+00:00,Noida,28.5355,77.391,404,254.5,432.6,72.9,16.2,2.48,18.6,22.6,77.2,3.9,315.7,1011.3,0.0,350.0,379.2,0.692,0.588,216.43,365.47,374.3,23,8,1,9,-0.2588,0.9659,0.7818,0.6235,367,323,306,347.3,330.7,325.5,207.2,349.7
